﻿<?xml version="1.0" encoding="utf-8"?>
<namespace name="GMClasses" platform="Win32">
  <interface name="ILinePoint" GUID="{35926390-118A-4604-A343-73D200A36006}" ancestor="IInterface" file="GMClasses.pas" line="133">
    <procedure name="LinePointChanged" visibility="public" procflags="abstract virtual" file="GMClasses.pas" line="141">
    </procedure>
  </interface>
  <class name="TLatLng" file="GMClasses.pas" line="152">
    <ancestor name="TPersistent" namespace="System.Classes">
      <methodref name="AssignError" visibility="private">
      </methodref>
      <methodref name="AssignTo" visibility="protected" procflags="virtual">
      </methodref>
      <methodref name="DefineProperties" visibility="protected" procflags="virtual">
      </methodref>
      <methodref name="GetOwner" visibility="protected" procflags="dynamic">
      </methodref>
      <methodref name="Destroy" visibility="public" procflags="destructor override">
      </methodref>
      <methodref name="Assign" visibility="public" procflags="virtual">
      </methodref>
      <methodref name="GetNamePath" visibility="public" procflags="dynamic">
      </methodref>
      <ancestor name="TObject" namespace="System">
        <methodref name="Create" visibility="public" procflags="constructor">
        </methodref>
        <methodref name="Free" visibility="public">
        </methodref>
        <methodref name="DisposeOf" visibility="public" procflags="inline">
        </methodref>
        <methodref name="InitInstance" visibility="public" procflags="class">
        </methodref>
        <methodref name="CleanupInstance" visibility="public">
        </methodref>
        <methodref name="ClassType" visibility="public" procflags="inline">
        </methodref>
        <methodref name="ClassName" visibility="public" procflags="class">
        </methodref>
        <methodref name="ClassNameIs" visibility="public" procflags="class">
        </methodref>
        <methodref name="ClassParent" visibility="public" procflags="class">
        </methodref>
        <methodref name="ClassInfo" visibility="public" procflags="class inline">
        </methodref>
        <methodref name="InstanceSize" visibility="public" procflags="class inline">
        </methodref>
        <methodref name="InheritsFrom" visibility="public" procflags="class">
        </methodref>
        <methodref name="MethodAddress" visibility="public" procflags="class overload">
        </methodref>
        <methodref name="MethodAddress" visibility="public" procflags="class overload">
        </methodref>
        <methodref name="MethodName" visibility="public" procflags="class">
        </methodref>
        <methodref name="QualifiedClassName" visibility="public" procflags="class">
        </methodref>
        <methodref name="FieldAddress" visibility="public" procflags="overload">
        </methodref>
        <methodref name="FieldAddress" visibility="public" procflags="overload">
        </methodref>
        <methodref name="GetInterface" visibility="public">
        </methodref>
        <methodref name="GetInterfaceEntry" visibility="public" procflags="class">
        </methodref>
        <methodref name="GetInterfaceTable" visibility="public" procflags="class inline">
        </methodref>
        <methodref name="UnitName" visibility="public" procflags="class">
        </methodref>
        <methodref name="UnitScope" visibility="public" procflags="class">
        </methodref>
        <methodref name="Equals" visibility="public" procflags="virtual">
        </methodref>
        <methodref name="GetHashCode" visibility="public" procflags="virtual">
        </methodref>
        <methodref name="ToString" visibility="public" procflags="virtual">
        </methodref>
        <methodref name="SafeCallException" visibility="public" procflags="virtual">
        </methodref>
        <methodref name="AfterConstruction" visibility="public" procflags="virtual">
        </methodref>
        <methodref name="BeforeDestruction" visibility="public" procflags="virtual">
        </methodref>
        <methodref name="Dispatch" visibility="public" procflags="virtual">
        </methodref>
        <methodref name="DefaultHandler" visibility="public" procflags="virtual">
        </methodref>
        <methodref name="NewInstance" visibility="public" procflags="class virtual">
        </methodref>
        <methodref name="FreeInstance" visibility="public" procflags="virtual">
        </methodref>
        <methodref name="Destroy" visibility="public" procflags="destructor virtual">
        </methodref>
        <methodref name="GetDisposed" visibility="protected" procflags="inline">
        </methodref>
        <methodref name="CheckDisposed" visibility="protected" procflags="inline">
        </methodref>
        <propertyref name="Disposed" visibility="protected">
        </propertyref>
      </ancestor>
    </ancestor>
    <members>
      <field name="FLat" type="Real" visibility="private" size="8" offset="8" file="GMClasses.pas" line="160" />
      <field name="FLng" type="Real" visibility="private" size="8" offset="16" file="GMClasses.pas" line="167" />
      <field name="FOnChange" type="TNotifyEvent" visibility="private" size="8" offset="24" file="GMClasses.pas" line="174" />
      <procedure name="SetLat" visibility="protected" procflags="virtual" file="GMClasses.pas" line="184">
        <parameters>
          <parameter name="Value" type="Real" paramflags="const" />
        </parameters>
      </procedure>
      <procedure name="SetLng" visibility="protected" procflags="virtual" file="GMClasses.pas" line="193">
        <parameters>
          <parameter name="Value" type="Real" paramflags="const" />
        </parameters>
      </procedure>
      <procedure name="LatLngToStr" visibility="protected" file="GMClasses.pas" line="207">
        <parameters>
          <parameter name="aLat" type="string" paramflags="var" />
          <parameter name="aLng" type="string" paramflags="var" />
          <parameter name="Precision" type="Integer">
            <value>
              $6
            </value>
          </parameter>
        </parameters>
      </procedure>
      <constructor name="Create" visibility="public" file="GMClasses.pas" line="219">
        <parameters>
          <parameter name="Lat" type="Real">
            <value>
              0
            </value>
          </parameter>
          <parameter name="Lng" type="Real">
            <value>
              0
            </value>
          </parameter>
        </parameters>
      </constructor>
      <procedure name="Assign" visibility="public" procflags="override" file="GMClasses.pas" line="229">
        <parameters>
          <parameter name="Source" type="TPersistent" />
        </parameters>
      </procedure>
      <function name="IsEqual" visibility="public" procflags="virtual" file="GMClasses.pas" line="241">
        <parameters>
          <parameter name="Other" type="TLatLng" />
          <retval type="Boolean" />
        </parameters>
      </function>
      <function name="ToStr" visibility="public" file="GMClasses.pas" line="252">
        <parameters>
          <parameter name="Precision" type="Integer">
            <value>
              $6
            </value>
          </parameter>
          <retval type="string" />
        </parameters>
      </function>
      <function name="ToUrlValue" visibility="public" file="GMClasses.pas" line="263">
        <parameters>
          <parameter name="Precision" type="Integer">
            <value>
              $6
            </value>
          </parameter>
          <retval type="string" />
        </parameters>
      </function>
      <function name="LatToStr" visibility="public" file="GMClasses.pas" line="274">
        <parameters>
          <parameter name="Precision" type="Integer">
            <value>
              $6
            </value>
          </parameter>
          <retval type="string" />
        </parameters>
      </function>
      <function name="LngToStr" visibility="public" file="GMClasses.pas" line="285">
        <parameters>
          <parameter name="Precision" type="Integer">
            <value>
              $6
            </value>
          </parameter>
          <retval type="string" />
        </parameters>
      </function>
      <function name="StringToReal" visibility="public" file="GMClasses.pas" line="296">
        <parameters>
          <parameter name="Value" type="string" />
          <retval type="Real" />
        </parameters>
      </function>
      <event name="OnChange" visibility="public" read="FOnChange" write="FOnChange" type="TNotifyEvent" file="GMClasses.pas" line="298" />
      <property name="Lat" visibility="published" read="FLat" write="SetLat" type="Real" default="0" file="GMClasses.pas" line="300" />
      <property name="Lng" visibility="published" read="FLng" write="SetLng" type="Real" default="0" file="GMClasses.pas" line="301" />
    </members>
  </class>
  <class name="TLinePoint" file="GMClasses.pas" line="310">
    <ancestor name="TCollectionItem" namespace="System.Classes">
      <methodref name="GetIndex" visibility="private">
      </methodref>
      <methodref name="Changed" visibility="protected">
      </methodref>
      <methodref name="GetOwner" visibility="protected" procflags="override">
      </methodref>
      <methodref name="GetDisplayName" visibility="protected" procflags="virtual">
      </methodref>
      <methodref name="SetCollection" visibility="protected" procflags="virtual">
      </methodref>
      <methodref name="SetIndex" visibility="protected" procflags="virtual">
      </methodref>
      <methodref name="SetDisplayName" visibility="protected" procflags="virtual">
      </methodref>
      <methodref name="Create" visibility="public" procflags="constructor virtual">
      </methodref>
      <methodref name="Destroy" visibility="public" procflags="destructor override">
      </methodref>
      <methodref name="Release" visibility="public" procflags="virtual">
      </methodref>
      <methodref name="GetNamePath" visibility="public" procflags="override">
      </methodref>
      <propertyref name="Collection" visibility="public">
      </propertyref>
      <propertyref name="ID" visibility="public">
      </propertyref>
      <propertyref name="Index" visibility="public">
      </propertyref>
      <propertyref name="DisplayName" visibility="public">
      </propertyref>
      <ancestor name="TPersistent" namespace="System.Classes">
        <methodref name="AssignError" visibility="private">
        </methodref>
        <methodref name="AssignTo" visibility="protected" procflags="virtual">
        </methodref>
        <methodref name="DefineProperties" visibility="protected" procflags="virtual">
        </methodref>
        <methodref name="GetOwner" visibility="protected" procflags="dynamic">
        </methodref>
        <methodref name="Destroy" visibility="public" procflags="destructor override">
        </methodref>
        <methodref name="Assign" visibility="public" procflags="virtual">
        </methodref>
        <methodref name="GetNamePath" visibility="public" procflags="dynamic">
        </methodref>
        <ancestor name="TObject" namespace="System">
          <methodref name="Create" visibility="public" procflags="constructor">
          </methodref>
          <methodref name="Free" visibility="public">
          </methodref>
          <methodref name="DisposeOf" visibility="public" procflags="inline">
          </methodref>
          <methodref name="InitInstance" visibility="public" procflags="class">
          </methodref>
          <methodref name="CleanupInstance" visibility="public">
          </methodref>
          <methodref name="ClassType" visibility="public" procflags="inline">
          </methodref>
          <methodref name="ClassName" visibility="public" procflags="class">
          </methodref>
          <methodref name="ClassNameIs" visibility="public" procflags="class">
          </methodref>
          <methodref name="ClassParent" visibility="public" procflags="class">
          </methodref>
          <methodref name="ClassInfo" visibility="public" procflags="class inline">
          </methodref>
          <methodref name="InstanceSize" visibility="public" procflags="class inline">
          </methodref>
          <methodref name="InheritsFrom" visibility="public" procflags="class">
          </methodref>
          <methodref name="MethodAddress" visibility="public" procflags="class overload">
          </methodref>
          <methodref name="MethodAddress" visibility="public" procflags="class overload">
          </methodref>
          <methodref name="MethodName" visibility="public" procflags="class">
          </methodref>
          <methodref name="QualifiedClassName" visibility="public" procflags="class">
          </methodref>
          <methodref name="FieldAddress" visibility="public" procflags="overload">
          </methodref>
          <methodref name="FieldAddress" visibility="public" procflags="overload">
          </methodref>
          <methodref name="GetInterface" visibility="public">
          </methodref>
          <methodref name="GetInterfaceEntry" visibility="public" procflags="class">
          </methodref>
          <methodref name="GetInterfaceTable" visibility="public" procflags="class inline">
          </methodref>
          <methodref name="UnitName" visibility="public" procflags="class">
          </methodref>
          <methodref name="UnitScope" visibility="public" procflags="class">
          </methodref>
          <methodref name="Equals" visibility="public" procflags="virtual">
          </methodref>
          <methodref name="GetHashCode" visibility="public" procflags="virtual">
          </methodref>
          <methodref name="ToString" visibility="public" procflags="virtual">
          </methodref>
          <methodref name="SafeCallException" visibility="public" procflags="virtual">
          </methodref>
          <methodref name="AfterConstruction" visibility="public" procflags="virtual">
          </methodref>
          <methodref name="BeforeDestruction" visibility="public" procflags="virtual">
          </methodref>
          <methodref name="Dispatch" visibility="public" procflags="virtual">
          </methodref>
          <methodref name="DefaultHandler" visibility="public" procflags="virtual">
          </methodref>
          <methodref name="NewInstance" visibility="public" procflags="class virtual">
          </methodref>
          <methodref name="FreeInstance" visibility="public" procflags="virtual">
          </methodref>
          <methodref name="Destroy" visibility="public" procflags="destructor virtual">
          </methodref>
          <methodref name="GetDisposed" visibility="protected" procflags="inline">
          </methodref>
          <methodref name="CheckDisposed" visibility="protected" procflags="inline">
          </methodref>
          <propertyref name="Disposed" visibility="protected">
          </propertyref>
        </ancestor>
      </ancestor>
    </ancestor>
    <members>
      <field name="FLatLng" type="TLatLng" visibility="private" size="4" offset="12" file="GMClasses.pas" line="312" />
      <field name="FTag" type="Integer" visibility="private" size="4" offset="16" file="GMClasses.pas" line="313" />
      <function name="GetLat" visibility="private" file="GMClasses.pas" line="314">
        <parameters>
          <retval type="Real" />
        </parameters>
      </function>
      <function name="GetLng" visibility="private" file="GMClasses.pas" line="315">
        <parameters>
          <retval type="Real" />
        </parameters>
      </function>
      <procedure name="SetLat" visibility="private" file="GMClasses.pas" line="316">
        <parameters>
          <parameter name="Value" type="Real" paramflags="const" />
        </parameters>
      </procedure>
      <procedure name="SetLng" visibility="private" file="GMClasses.pas" line="317">
        <parameters>
          <parameter name="Value" type="Real" paramflags="const" />
        </parameters>
      </procedure>
      <procedure name="OnChangeFLatLng" visibility="private" file="GMClasses.pas" line="319">
        <parameters>
          <parameter name="Sender" type="TObject" />
        </parameters>
      </procedure>
      <constructor name="Create" visibility="public" file="GMClasses.pas" line="329">
        <parameters>
          <parameter name="Collection" type="TCollection" />
        </parameters>
      </constructor>
      <destructor name="Destroy" visibility="public" file="GMClasses.pas" line="336">
        <parameters>
        </parameters>
      </destructor>
      <procedure name="Assign" visibility="public" procflags="override" file="GMClasses.pas" line="346">
        <parameters>
          <parameter name="Source" type="TPersistent" />
        </parameters>
      </procedure>
      <procedure name="SetLatLng" visibility="public" file="GMClasses.pas" line="356">
        <parameters>
          <parameter name="LatLng" type="TLatLng" />
        </parameters>
      </procedure>
      <function name="LatToStr" visibility="public" file="GMClasses.pas" line="368">
        <parameters>
          <parameter name="Precision" type="Integer">
            <value>
              $6
            </value>
          </parameter>
          <retval type="string" />
        </parameters>
      </function>
      <function name="LngToStr" visibility="public" file="GMClasses.pas" line="379">
        <parameters>
          <parameter name="Precision" type="Integer">
            <value>
              $6
            </value>
          </parameter>
          <retval type="string" />
        </parameters>
      </function>
      <function name="ToStr" visibility="public" file="GMClasses.pas" line="390">
        <parameters>
          <parameter name="Precision" type="Integer">
            <value>
              $6
            </value>
          </parameter>
          <retval type="string" />
        </parameters>
      </function>
      <function name="StringToReal" visibility="public" file="GMClasses.pas" line="401">
        <parameters>
          <parameter name="Value" type="string" />
          <retval type="Real" />
        </parameters>
      </function>
      <function name="GetLatLng" visibility="public" file="GMClasses.pas" line="410">
        <parameters>
          <retval type="TLatLng" />
        </parameters>
      </function>
      <property name="Lat" visibility="published" read="GetLat" write="SetLat" type="Real" default="0" file="GMClasses.pas" line="418" />
      <property name="Lng" visibility="published" read="GetLng" write="SetLng" type="Real" default="0" file="GMClasses.pas" line="425" />
      <property name="Tag" visibility="published" read="FTag" write="FTag" type="Integer" default="0" file="GMClasses.pas" line="432" />
    </members>
  </class>
  <class name="TLinePoints" file="GMClasses.pas" line="441">
    <ancestor name="TCollection" namespace="System.Classes">
      <methodref name="GetCapacity" visibility="private">
      </methodref>
      <methodref name="GetCount" visibility="private" procflags="inline">
      </methodref>
      <methodref name="GetPropName" visibility="private">
      </methodref>
      <methodref name="InsertItem" visibility="private">
      </methodref>
      <methodref name="RemoveItem" visibility="private">
      </methodref>
      <methodref name="SetCapacity" visibility="private">
      </methodref>
      <methodref name="Added" visibility="protected" procflags="virtual" symflags="deprecated">
      </methodref>
      <methodref name="Deleting" visibility="protected" procflags="virtual" symflags="deprecated">
      </methodref>
      <propertyref name="NextID" visibility="protected">
      </propertyref>
      <methodref name="Notify" visibility="protected" procflags="virtual">
      </methodref>
      <methodref name="GetAttrCount" visibility="protected" procflags="dynamic">
      </methodref>
      <methodref name="GetAttr" visibility="protected" procflags="dynamic">
      </methodref>
      <methodref name="GetItemAttr" visibility="protected" procflags="dynamic">
      </methodref>
      <methodref name="Changed" visibility="protected">
      </methodref>
      <methodref name="GetItem" visibility="protected">
      </methodref>
      <methodref name="SetItem" visibility="protected">
      </methodref>
      <methodref name="SetItemName" visibility="protected" procflags="virtual">
      </methodref>
      <methodref name="Update" visibility="protected" procflags="virtual">
      </methodref>
      <propertyref name="PropName" visibility="protected">
      </propertyref>
      <propertyref name="UpdateCount" visibility="protected">
      </propertyref>
      <methodref name="Create" visibility="public" procflags="constructor">
      </methodref>
      <methodref name="Destroy" visibility="public" procflags="destructor override">
      </methodref>
      <methodref name="Owner" visibility="public">
      </methodref>
      <methodref name="Add" visibility="public">
      </methodref>
      <methodref name="Assign" visibility="public" procflags="override">
      </methodref>
      <methodref name="BeginUpdate" visibility="public" procflags="virtual">
      </methodref>
      <methodref name="Clear" visibility="public">
      </methodref>
      <methodref name="ClearAndResetID" visibility="public">
      </methodref>
      <methodref name="Delete" visibility="public">
      </methodref>
      <methodref name="EndUpdate" visibility="public" procflags="virtual">
      </methodref>
      <methodref name="Sort" visibility="public">
      </methodref>
      <methodref name="FindItemID" visibility="public">
      </methodref>
      <methodref name="GetEnumerator" visibility="public" procflags="inline">
      </methodref>
      <methodref name="GetNamePath" visibility="public" procflags="override">
      </methodref>
      <methodref name="Insert" visibility="public">
      </methodref>
      <propertyref name="Capacity" visibility="public">
      </propertyref>
      <propertyref name="Count" visibility="public">
      </propertyref>
      <propertyref name="ItemClass" visibility="public">
      </propertyref>
      <propertyref name="Items" visibility="public">
      </propertyref>
      <ancestor name="TPersistent" namespace="System.Classes">
        <methodref name="AssignError" visibility="private">
        </methodref>
        <methodref name="AssignTo" visibility="protected" procflags="virtual">
        </methodref>
        <methodref name="DefineProperties" visibility="protected" procflags="virtual">
        </methodref>
        <methodref name="GetOwner" visibility="protected" procflags="dynamic">
        </methodref>
        <methodref name="Destroy" visibility="public" procflags="destructor override">
        </methodref>
        <methodref name="Assign" visibility="public" procflags="virtual">
        </methodref>
        <methodref name="GetNamePath" visibility="public" procflags="dynamic">
        </methodref>
        <ancestor name="TObject" namespace="System">
          <methodref name="Create" visibility="public" procflags="constructor">
          </methodref>
          <methodref name="Free" visibility="public">
          </methodref>
          <methodref name="DisposeOf" visibility="public" procflags="inline">
          </methodref>
          <methodref name="InitInstance" visibility="public" procflags="class">
          </methodref>
          <methodref name="CleanupInstance" visibility="public">
          </methodref>
          <methodref name="ClassType" visibility="public" procflags="inline">
          </methodref>
          <methodref name="ClassName" visibility="public" procflags="class">
          </methodref>
          <methodref name="ClassNameIs" visibility="public" procflags="class">
          </methodref>
          <methodref name="ClassParent" visibility="public" procflags="class">
          </methodref>
          <methodref name="ClassInfo" visibility="public" procflags="class inline">
          </methodref>
          <methodref name="InstanceSize" visibility="public" procflags="class inline">
          </methodref>
          <methodref name="InheritsFrom" visibility="public" procflags="class">
          </methodref>
          <methodref name="MethodAddress" visibility="public" procflags="class overload">
          </methodref>
          <methodref name="MethodAddress" visibility="public" procflags="class overload">
          </methodref>
          <methodref name="MethodName" visibility="public" procflags="class">
          </methodref>
          <methodref name="QualifiedClassName" visibility="public" procflags="class">
          </methodref>
          <methodref name="FieldAddress" visibility="public" procflags="overload">
          </methodref>
          <methodref name="FieldAddress" visibility="public" procflags="overload">
          </methodref>
          <methodref name="GetInterface" visibility="public">
          </methodref>
          <methodref name="GetInterfaceEntry" visibility="public" procflags="class">
          </methodref>
          <methodref name="GetInterfaceTable" visibility="public" procflags="class inline">
          </methodref>
          <methodref name="UnitName" visibility="public" procflags="class">
          </methodref>
          <methodref name="UnitScope" visibility="public" procflags="class">
          </methodref>
          <methodref name="Equals" visibility="public" procflags="virtual">
          </methodref>
          <methodref name="GetHashCode" visibility="public" procflags="virtual">
          </methodref>
          <methodref name="ToString" visibility="public" procflags="virtual">
          </methodref>
          <methodref name="SafeCallException" visibility="public" procflags="virtual">
          </methodref>
          <methodref name="AfterConstruction" visibility="public" procflags="virtual">
          </methodref>
          <methodref name="BeforeDestruction" visibility="public" procflags="virtual">
          </methodref>
          <methodref name="Dispatch" visibility="public" procflags="virtual">
          </methodref>
          <methodref name="DefaultHandler" visibility="public" procflags="virtual">
          </methodref>
          <methodref name="NewInstance" visibility="public" procflags="class virtual">
          </methodref>
          <methodref name="FreeInstance" visibility="public" procflags="virtual">
          </methodref>
          <methodref name="Destroy" visibility="public" procflags="destructor virtual">
          </methodref>
          <methodref name="GetDisposed" visibility="protected" procflags="inline">
          </methodref>
          <methodref name="CheckDisposed" visibility="protected" procflags="inline">
          </methodref>
          <propertyref name="Disposed" visibility="protected">
          </propertyref>
        </ancestor>
      </ancestor>
    </ancestor>
    <members>
      <field name="FOwner" type="TObject" visibility="private" size="4" offset="24" file="GMClasses.pas" line="443" />
      <function name="GetItems" visibility="private" file="GMClasses.pas" line="445">
        <parameters>
          <parameter name="I" type="Integer" />
          <retval type="TLinePoint" />
        </parameters>
      </function>
      <procedure name="SetItems" visibility="private" file="GMClasses.pas" line="446">
        <parameters>
          <parameter name="I" type="Integer" />
          <parameter name="Value" type="TLinePoint" paramflags="const" />
        </parameters>
      </procedure>
      <function name="GetOwner" visibility="protected" procflags="override" file="GMClasses.pas" line="456">
        <parameters>
          <retval type="TPersistent" />
        </parameters>
      </function>
      <constructor name="Create" visibility="public" file="GMClasses.pas" line="468">
        <parameters>
          <parameter name="Owner" type="TObject" />
          <parameter name="ItemClass" type="TCollectionItemClass" />
        </parameters>
      </constructor>
      <function name="Add" visibility="public" file="GMClasses.pas" line="478">
        <parameters>
          <retval type="TLinePoint" />
        </parameters>
      </function>
      <function name="Insert" visibility="public" file="GMClasses.pas" line="489">
        <parameters>
          <parameter name="Index" type="Integer" />
          <retval type="TLinePoint" />
        </parameters>
      </function>
      <procedure name="Delete" visibility="public" file="GMClasses.pas" line="498">
        <parameters>
          <parameter name="Index" type="Integer" />
        </parameters>
      </procedure>
      <procedure name="Move" visibility="public" file="GMClasses.pas" line="509">
        <parameters>
          <parameter name="CurIndex" type="Integer" />
          <parameter name="NewIndex" type="Integer" />
        </parameters>
      </procedure>
      <procedure name="Clear" visibility="public" file="GMClasses.pas" line="516">
      </procedure>
      <function name="PointsToStr" visibility="public" file="GMClasses.pas" line="529" symflags="deprecated">
        <parameters>
          <parameter name="Precision" type="Integer">
            <value>
              $6
            </value>
          </parameter>
          <retval type="string" />
        </parameters>
      </function>
      <procedure name="Assign" visibility="public" procflags="override" file="GMClasses.pas" line="539">
        <parameters>
          <parameter name="Source" type="TPersistent" />
        </parameters>
      </procedure>
      <property name="Items[I]" visibility="public" read="GetItems" write="SetItems" type="TLinePoint" file="GMClasses.pas" line="547" />
    </members>
  </class>
  <class name="TGMBase" file="GMClasses.pas" line="556">
    <ancestor name="TComponent" namespace="System.Classes">
      <interfaces>
        <implements name="IInterfaceComponentReference" />
        <implements name="IInterface" />
      </interfaces>
      <methodref name="GetComObject" visibility="private">
      </methodref>
      <methodref name="GetComponent" visibility="private">
      </methodref>
      <methodref name="GetComponentCount" visibility="private">
      </methodref>
      <methodref name="GetComponentIndex" visibility="private">
      </methodref>
      <methodref name="Insert" visibility="private">
      </methodref>
      <methodref name="ReadLeft" visibility="private">
      </methodref>
      <methodref name="ReadTop" visibility="private">
      </methodref>
      <methodref name="Remove" visibility="private">
      </methodref>
      <methodref name="RemoveNotification" visibility="private">
      </methodref>
      <methodref name="SetComponentIndex" visibility="private">
      </methodref>
      <methodref name="SetReference" visibility="private">
      </methodref>
      <methodref name="WriteLeft" visibility="private">
      </methodref>
      <methodref name="WriteTop" visibility="private">
      </methodref>
      <methodref name="IntfGetComponent" visibility="private">
      </methodref>
      <methodref name="DoGetDeltaStreams" visibility="private">
      </methodref>
      <methodref name="ReadDeltaStream" visibility="private">
      </methodref>
      <methodref name="ReadDeltaState" visibility="private">
      </methodref>
      <methodref name="FindSortedComponent" visibility="private">
      </methodref>
      <methodref name="AddSortedComponent" visibility="private">
      </methodref>
      <methodref name="RemoveSortedComponent" visibility="private" procflags="inline">
      </methodref>
      <methodref name="Create@" visibility="class private" procflags="class constructor noself">
      </methodref>
      <methodref name="AsyncSchedule" visibility="protected" procflags="virtual">
      </methodref>
      <methodref name="ChangeName" visibility="protected">
      </methodref>
      <methodref name="DefineProperties" visibility="protected" procflags="override">
      </methodref>
      <methodref name="GetChildren" visibility="protected" procflags="dynamic">
      </methodref>
      <methodref name="GetChildOwner" visibility="protected" procflags="dynamic">
      </methodref>
      <methodref name="GetChildParent" visibility="protected" procflags="dynamic">
      </methodref>
      <methodref name="GetOwner" visibility="protected" procflags="override">
      </methodref>
      <methodref name="Loaded" visibility="protected" procflags="virtual">
      </methodref>
      <methodref name="Notification" visibility="protected" procflags="virtual">
      </methodref>
      <methodref name="GetDeltaStreams" visibility="protected" procflags="dynamic">
      </methodref>
      <methodref name="PaletteCreated" visibility="protected" procflags="dynamic">
      </methodref>
      <methodref name="ReadState" visibility="protected" procflags="virtual">
      </methodref>
      <methodref name="CanObserve" visibility="protected" procflags="virtual">
      </methodref>
      <methodref name="ObserverAdded" visibility="protected" procflags="virtual">
      </methodref>
      <methodref name="GetObservers" visibility="protected" procflags="virtual">
      </methodref>
      <methodref name="SetAncestor" visibility="protected">
      </methodref>
      <methodref name="SetDesigning" visibility="protected">
      </methodref>
      <methodref name="SetInline" visibility="protected">
      </methodref>
      <methodref name="SetDesignInstance" visibility="protected">
      </methodref>
      <methodref name="SetName" visibility="protected" procflags="virtual">
      </methodref>
      <methodref name="SetChildOrder" visibility="protected" procflags="dynamic">
      </methodref>
      <methodref name="SetParentComponent" visibility="protected" procflags="dynamic">
      </methodref>
      <methodref name="Updating" visibility="protected" procflags="dynamic">
      </methodref>
      <methodref name="Updated" visibility="protected" procflags="dynamic">
      </methodref>
      <methodref name="UpdateRegistry" visibility="protected" procflags="class virtual">
      </methodref>
      <methodref name="ValidateRename" visibility="protected" procflags="virtual">
      </methodref>
      <methodref name="ValidateContainer" visibility="protected" procflags="dynamic">
      </methodref>
      <methodref name="ValidateInsert" visibility="protected" procflags="dynamic">
      </methodref>
      <methodref name="WriteState" visibility="protected" procflags="virtual">
      </methodref>
      <methodref name="RemoveFreeNotifications" visibility="protected">
      </methodref>
      <methodref name="QueryInterface" visibility="protected" procflags="virtual">
      </methodref>
      <methodref name="_AddRef" visibility="protected">
      </methodref>
      <methodref name="_Release" visibility="protected">
      </methodref>
      <methodref name="GetTypeInfoCount" visibility="protected">
      </methodref>
      <methodref name="GetTypeInfo" visibility="protected">
      </methodref>
      <methodref name="GetIDsOfNames" visibility="protected">
      </methodref>
      <methodref name="Invoke" visibility="protected">
      </methodref>
      <eventref name="OnGetDeltaStreams" visibility="protected">
      </eventref>
      <methodref name="Create" visibility="public" procflags="constructor virtual">
      </methodref>
      <methodref name="Destroy" visibility="public" procflags="destructor override">
      </methodref>
      <methodref name="BeforeDestruction" visibility="public" procflags="override">
      </methodref>
      <methodref name="BeginInvoke" visibility="public" procflags="overload">
      </methodref>
      <methodref name="BeginInvoke" visibility="public" procflags="overload">
      </methodref>
      <methodref name="BeginInvoke" visibility="public" procflags="overload">
      </methodref>
      <methodref name="BeginInvoke" visibility="public" procflags="overload">
      </methodref>
      <methodref name="BeginInvoke" visibility="public" procflags="overload">
      </methodref>
      <methodref name="BeginInvoke" visibility="public" procflags="overload">
      </methodref>
      <methodref name="BeginInvoke" visibility="public" procflags="overload">
      </methodref>
      <methodref name="BeginInvoke" visibility="public" procflags="overload">
      </methodref>
      <methodref name="EndInvoke" visibility="public" procflags="overload">
      </methodref>
      <methodref name="EndInvoke" visibility="public" procflags="overload">
      </methodref>
      <methodref name="EndFunctionInvoke" visibility="public">
      </methodref>
      <methodref name="DestroyComponents" visibility="public">
      </methodref>
      <methodref name="Destroying" visibility="public">
      </methodref>
      <methodref name="ExecuteAction" visibility="public" procflags="dynamic">
      </methodref>
      <methodref name="FindComponent" visibility="public">
      </methodref>
      <methodref name="FreeNotification" visibility="public">
      </methodref>
      <methodref name="RemoveFreeNotification" visibility="public">
      </methodref>
      <methodref name="FreeOnRelease" visibility="public">
      </methodref>
      <methodref name="GetEnumerator" visibility="public" procflags="inline">
      </methodref>
      <methodref name="GetParentComponent" visibility="public" procflags="dynamic">
      </methodref>
      <methodref name="GetNamePath" visibility="public" procflags="override">
      </methodref>
      <methodref name="HasParent" visibility="public" procflags="dynamic">
      </methodref>
      <methodref name="InsertComponent" visibility="public">
      </methodref>
      <methodref name="RemoveComponent" visibility="public">
      </methodref>
      <methodref name="SetSubComponent" visibility="public">
      </methodref>
      <methodref name="SafeCallException" visibility="public" procflags="override">
      </methodref>
      <methodref name="UpdateAction" visibility="public" procflags="virtual">
      </methodref>
      <methodref name="IsImplementorOf" visibility="public">
      </methodref>
      <methodref name="ReferenceInterface" visibility="public">
      </methodref>
      <propertyref name="ComObject" visibility="public">
      </propertyref>
      <propertyref name="Components" visibility="public">
      </propertyref>
      <propertyref name="ComponentCount" visibility="public">
      </propertyref>
      <propertyref name="ComponentIndex" visibility="public">
      </propertyref>
      <propertyref name="ComponentState" visibility="public">
      </propertyref>
      <propertyref name="ComponentStyle" visibility="public">
      </propertyref>
      <propertyref name="DesignInfo" visibility="public">
      </propertyref>
      <propertyref name="Owner" visibility="public">
      </propertyref>
      <propertyref name="VCLComObject" visibility="public">
      </propertyref>
      <propertyref name="Observers" visibility="public">
      </propertyref>
      <propertyref name="Name" visibility="published">
      </propertyref>
      <propertyref name="Tag" visibility="published">
      </propertyref>
      <ancestor name="TPersistent" namespace="System.Classes">
        <methodref name="AssignError" visibility="private">
        </methodref>
        <methodref name="AssignTo" visibility="protected" procflags="virtual">
        </methodref>
        <methodref name="DefineProperties" visibility="protected" procflags="virtual">
        </methodref>
        <methodref name="GetOwner" visibility="protected" procflags="dynamic">
        </methodref>
        <methodref name="Destroy" visibility="public" procflags="destructor override">
        </methodref>
        <methodref name="Assign" visibility="public" procflags="virtual">
        </methodref>
        <methodref name="GetNamePath" visibility="public" procflags="dynamic">
        </methodref>
        <ancestor name="TObject" namespace="System">
          <methodref name="Create" visibility="public" procflags="constructor">
          </methodref>
          <methodref name="Free" visibility="public">
          </methodref>
          <methodref name="DisposeOf" visibility="public" procflags="inline">
          </methodref>
          <methodref name="InitInstance" visibility="public" procflags="class">
          </methodref>
          <methodref name="CleanupInstance" visibility="public">
          </methodref>
          <methodref name="ClassType" visibility="public" procflags="inline">
          </methodref>
          <methodref name="ClassName" visibility="public" procflags="class">
          </methodref>
          <methodref name="ClassNameIs" visibility="public" procflags="class">
          </methodref>
          <methodref name="ClassParent" visibility="public" procflags="class">
          </methodref>
          <methodref name="ClassInfo" visibility="public" procflags="class inline">
          </methodref>
          <methodref name="InstanceSize" visibility="public" procflags="class inline">
          </methodref>
          <methodref name="InheritsFrom" visibility="public" procflags="class">
          </methodref>
          <methodref name="MethodAddress" visibility="public" procflags="class overload">
          </methodref>
          <methodref name="MethodAddress" visibility="public" procflags="class overload">
          </methodref>
          <methodref name="MethodName" visibility="public" procflags="class">
          </methodref>
          <methodref name="QualifiedClassName" visibility="public" procflags="class">
          </methodref>
          <methodref name="FieldAddress" visibility="public" procflags="overload">
          </methodref>
          <methodref name="FieldAddress" visibility="public" procflags="overload">
          </methodref>
          <methodref name="GetInterface" visibility="public">
          </methodref>
          <methodref name="GetInterfaceEntry" visibility="public" procflags="class">
          </methodref>
          <methodref name="GetInterfaceTable" visibility="public" procflags="class inline">
          </methodref>
          <methodref name="UnitName" visibility="public" procflags="class">
          </methodref>
          <methodref name="UnitScope" visibility="public" procflags="class">
          </methodref>
          <methodref name="Equals" visibility="public" procflags="virtual">
          </methodref>
          <methodref name="GetHashCode" visibility="public" procflags="virtual">
          </methodref>
          <methodref name="ToString" visibility="public" procflags="virtual">
          </methodref>
          <methodref name="SafeCallException" visibility="public" procflags="virtual">
          </methodref>
          <methodref name="AfterConstruction" visibility="public" procflags="virtual">
          </methodref>
          <methodref name="BeforeDestruction" visibility="public" procflags="virtual">
          </methodref>
          <methodref name="Dispatch" visibility="public" procflags="virtual">
          </methodref>
          <methodref name="DefaultHandler" visibility="public" procflags="virtual">
          </methodref>
          <methodref name="NewInstance" visibility="public" procflags="class virtual">
          </methodref>
          <methodref name="FreeInstance" visibility="public" procflags="virtual">
          </methodref>
          <methodref name="Destroy" visibility="public" procflags="destructor virtual">
          </methodref>
          <methodref name="GetDisposed" visibility="protected" procflags="inline">
          </methodref>
          <methodref name="CheckDisposed" visibility="protected" procflags="inline">
          </methodref>
          <propertyref name="Disposed" visibility="protected">
          </propertyref>
        </ancestor>
      </ancestor>
    </ancestor>
    <members>
      <field name="FAboutGMLib" type="string" visibility="private" size="4" offset="64" file="GMClasses.pas" line="564" />
      <field name="FLanguage" type="TLang" visibility="private" size="1" offset="68" file="GMClasses.pas" line="571" />
      <function name="GetAPIUrl" visibility="protected" procflags="virtual" file="GMClasses.pas" line="581">
        <parameters>
          <retval type="string" />
        </parameters>
      </function>
      <function name="ControlPrecision" visibility="protected" procflags="virtual" file="GMClasses.pas" line="594">
        <parameters>
          <parameter name="Value" type="Real" />
          <parameter name="Prec" type="Integer" />
          <retval type="Real" />
        </parameters>
      </function>
      <function name="GetConvertedString" visibility="protected" file="GMClasses.pas" line="605">
        <parameters>
          <parameter name="Value" type="string" />
          <retval type="string" />
        </parameters>
      </function>
      <constructor name="Create" visibility="public" file="GMClasses.pas" line="615">
        <parameters>
          <parameter name="AOwner" type="TComponent" />
        </parameters>
      </constructor>
      <procedure name="Assign" visibility="public" procflags="override" file="GMClasses.pas" line="625">
        <parameters>
          <parameter name="Source" type="TPersistent" />
        </parameters>
      </procedure>
      <property name="APIUrl" visibility="published" read="GetAPIUrl" type="string" default="0" file="GMClasses.pas" line="633" />
      <property name="Language" visibility="published" read="FLanguage" write="FLanguage" type="TLang" default="1" file="GMClasses.pas" line="634" />
      <property name="AboutGMLib" visibility="published" read="FAboutGMLib" stored="False" type="string" default="0" file="GMClasses.pas" line="635" />
    </members>
  </class>
  <class name="TLatLngBounds" file="GMClasses.pas" line="646">
    <ancestor name="TPersistent" namespace="System.Classes">
      <methodref name="AssignError" visibility="private">
      </methodref>
      <methodref name="AssignTo" visibility="protected" procflags="virtual">
      </methodref>
      <methodref name="DefineProperties" visibility="protected" procflags="virtual">
      </methodref>
      <methodref name="GetOwner" visibility="protected" procflags="dynamic">
      </methodref>
      <methodref name="Destroy" visibility="public" procflags="destructor override">
      </methodref>
      <methodref name="Assign" visibility="public" procflags="virtual">
      </methodref>
      <methodref name="GetNamePath" visibility="public" procflags="dynamic">
      </methodref>
      <ancestor name="TObject" namespace="System">
        <methodref name="Create" visibility="public" procflags="constructor">
        </methodref>
        <methodref name="Free" visibility="public">
        </methodref>
        <methodref name="DisposeOf" visibility="public" procflags="inline">
        </methodref>
        <methodref name="InitInstance" visibility="public" procflags="class">
        </methodref>
        <methodref name="CleanupInstance" visibility="public">
        </methodref>
        <methodref name="ClassType" visibility="public" procflags="inline">
        </methodref>
        <methodref name="ClassName" visibility="public" procflags="class">
        </methodref>
        <methodref name="ClassNameIs" visibility="public" procflags="class">
        </methodref>
        <methodref name="ClassParent" visibility="public" procflags="class">
        </methodref>
        <methodref name="ClassInfo" visibility="public" procflags="class inline">
        </methodref>
        <methodref name="InstanceSize" visibility="public" procflags="class inline">
        </methodref>
        <methodref name="InheritsFrom" visibility="public" procflags="class">
        </methodref>
        <methodref name="MethodAddress" visibility="public" procflags="class overload">
        </methodref>
        <methodref name="MethodAddress" visibility="public" procflags="class overload">
        </methodref>
        <methodref name="MethodName" visibility="public" procflags="class">
        </methodref>
        <methodref name="QualifiedClassName" visibility="public" procflags="class">
        </methodref>
        <methodref name="FieldAddress" visibility="public" procflags="overload">
        </methodref>
        <methodref name="FieldAddress" visibility="public" procflags="overload">
        </methodref>
        <methodref name="GetInterface" visibility="public">
        </methodref>
        <methodref name="GetInterfaceEntry" visibility="public" procflags="class">
        </methodref>
        <methodref name="GetInterfaceTable" visibility="public" procflags="class inline">
        </methodref>
        <methodref name="UnitName" visibility="public" procflags="class">
        </methodref>
        <methodref name="UnitScope" visibility="public" procflags="class">
        </methodref>
        <methodref name="Equals" visibility="public" procflags="virtual">
        </methodref>
        <methodref name="GetHashCode" visibility="public" procflags="virtual">
        </methodref>
        <methodref name="ToString" visibility="public" procflags="virtual">
        </methodref>
        <methodref name="SafeCallException" visibility="public" procflags="virtual">
        </methodref>
        <methodref name="AfterConstruction" visibility="public" procflags="virtual">
        </methodref>
        <methodref name="BeforeDestruction" visibility="public" procflags="virtual">
        </methodref>
        <methodref name="Dispatch" visibility="public" procflags="virtual">
        </methodref>
        <methodref name="DefaultHandler" visibility="public" procflags="virtual">
        </methodref>
        <methodref name="NewInstance" visibility="public" procflags="class virtual">
        </methodref>
        <methodref name="FreeInstance" visibility="public" procflags="virtual">
        </methodref>
        <methodref name="Destroy" visibility="public" procflags="destructor virtual">
        </methodref>
        <methodref name="GetDisposed" visibility="protected" procflags="inline">
        </methodref>
        <methodref name="CheckDisposed" visibility="protected" procflags="inline">
        </methodref>
        <propertyref name="Disposed" visibility="protected">
        </propertyref>
      </ancestor>
    </ancestor>
    <members>
      <field name="FNE" type="TLatLng" visibility="private" size="4" offset="4" file="GMClasses.pas" line="654" />
      <field name="FSW" type="TLatLng" visibility="private" size="4" offset="8" file="GMClasses.pas" line="661" />
      <constructor name="Create" visibility="public" file="GMClasses.pas" line="677">
        <parameters>
          <parameter name="SWLat" type="Real">
            <value>
              0
            </value>
          </parameter>
          <parameter name="SWLng" type="Real">
            <value>
              0
            </value>
          </parameter>
          <parameter name="NELat" type="Real">
            <value>
              0
            </value>
          </parameter>
          <parameter name="NELng" type="Real">
            <value>
              0
            </value>
          </parameter>
        </parameters>
      </constructor>
      <constructor name="Create" visibility="public" file="GMClasses.pas" line="688">
        <parameters>
          <parameter name="SW" type="TLatLng" />
          <parameter name="NE" type="TLatLng" />
        </parameters>
      </constructor>
      <destructor name="Destroy" visibility="public" file="GMClasses.pas" line="695">
        <parameters>
        </parameters>
      </destructor>
      <procedure name="Assign" visibility="public" procflags="override" file="GMClasses.pas" line="705">
        <parameters>
          <parameter name="Source" type="TPersistent" />
        </parameters>
      </procedure>
      <function name="IsEqual" visibility="public" file="GMClasses.pas" line="717">
        <parameters>
          <parameter name="Other" type="TLatLngBounds" />
          <retval type="Boolean" />
        </parameters>
      </function>
      <function name="ToStr" visibility="public" file="GMClasses.pas" line="728">
        <parameters>
          <parameter name="Precision" type="Integer">
            <value>
              $6
            </value>
          </parameter>
          <retval type="string" />
        </parameters>
      </function>
      <function name="ToUrlValue" visibility="public" file="GMClasses.pas" line="739">
        <parameters>
          <parameter name="Precision" type="Integer">
            <value>
              $6
            </value>
          </parameter>
          <retval type="string" />
        </parameters>
      </function>
      <property name="SW" visibility="published" read="FSW" write="FSW" type="TLatLng" file="GMClasses.pas" line="741" />
      <property name="NE" visibility="published" read="FNE" write="FNE" type="TLatLng" file="GMClasses.pas" line="742" />
    </members>
  </class>
  <class name="TGMSize" file="GMClasses.pas" line="753">
    <ancestor name="TPersistent" namespace="System.Classes">
      <methodref name="AssignError" visibility="private">
      </methodref>
      <methodref name="AssignTo" visibility="protected" procflags="virtual">
      </methodref>
      <methodref name="DefineProperties" visibility="protected" procflags="virtual">
      </methodref>
      <methodref name="GetOwner" visibility="protected" procflags="dynamic">
      </methodref>
      <methodref name="Destroy" visibility="public" procflags="destructor override">
      </methodref>
      <methodref name="Assign" visibility="public" procflags="virtual">
      </methodref>
      <methodref name="GetNamePath" visibility="public" procflags="dynamic">
      </methodref>
      <ancestor name="TObject" namespace="System">
        <methodref name="Create" visibility="public" procflags="constructor">
        </methodref>
        <methodref name="Free" visibility="public">
        </methodref>
        <methodref name="DisposeOf" visibility="public" procflags="inline">
        </methodref>
        <methodref name="InitInstance" visibility="public" procflags="class">
        </methodref>
        <methodref name="CleanupInstance" visibility="public">
        </methodref>
        <methodref name="ClassType" visibility="public" procflags="inline">
        </methodref>
        <methodref name="ClassName" visibility="public" procflags="class">
        </methodref>
        <methodref name="ClassNameIs" visibility="public" procflags="class">
        </methodref>
        <methodref name="ClassParent" visibility="public" procflags="class">
        </methodref>
        <methodref name="ClassInfo" visibility="public" procflags="class inline">
        </methodref>
        <methodref name="InstanceSize" visibility="public" procflags="class inline">
        </methodref>
        <methodref name="InheritsFrom" visibility="public" procflags="class">
        </methodref>
        <methodref name="MethodAddress" visibility="public" procflags="class overload">
        </methodref>
        <methodref name="MethodAddress" visibility="public" procflags="class overload">
        </methodref>
        <methodref name="MethodName" visibility="public" procflags="class">
        </methodref>
        <methodref name="QualifiedClassName" visibility="public" procflags="class">
        </methodref>
        <methodref name="FieldAddress" visibility="public" procflags="overload">
        </methodref>
        <methodref name="FieldAddress" visibility="public" procflags="overload">
        </methodref>
        <methodref name="GetInterface" visibility="public">
        </methodref>
        <methodref name="GetInterfaceEntry" visibility="public" procflags="class">
        </methodref>
        <methodref name="GetInterfaceTable" visibility="public" procflags="class inline">
        </methodref>
        <methodref name="UnitName" visibility="public" procflags="class">
        </methodref>
        <methodref name="UnitScope" visibility="public" procflags="class">
        </methodref>
        <methodref name="Equals" visibility="public" procflags="virtual">
        </methodref>
        <methodref name="GetHashCode" visibility="public" procflags="virtual">
        </methodref>
        <methodref name="ToString" visibility="public" procflags="virtual">
        </methodref>
        <methodref name="SafeCallException" visibility="public" procflags="virtual">
        </methodref>
        <methodref name="AfterConstruction" visibility="public" procflags="virtual">
        </methodref>
        <methodref name="BeforeDestruction" visibility="public" procflags="virtual">
        </methodref>
        <methodref name="Dispatch" visibility="public" procflags="virtual">
        </methodref>
        <methodref name="DefaultHandler" visibility="public" procflags="virtual">
        </methodref>
        <methodref name="NewInstance" visibility="public" procflags="class virtual">
        </methodref>
        <methodref name="FreeInstance" visibility="public" procflags="virtual">
        </methodref>
        <methodref name="Destroy" visibility="public" procflags="destructor virtual">
        </methodref>
        <methodref name="GetDisposed" visibility="protected" procflags="inline">
        </methodref>
        <methodref name="CheckDisposed" visibility="protected" procflags="inline">
        </methodref>
        <propertyref name="Disposed" visibility="protected">
        </propertyref>
      </ancestor>
    </ancestor>
    <members>
      <field name="FWidth" type="Integer" visibility="private" size="4" offset="4" file="GMClasses.pas" line="761" />
      <field name="FHeight" type="Integer" visibility="private" size="4" offset="8" file="GMClasses.pas" line="768" />
      <field name="FOnChange" type="TNotifyEvent" visibility="private" size="8" offset="16" file="GMClasses.pas" line="775" />
      <procedure name="SetHeight" visibility="protected" procflags="virtual" file="GMClasses.pas" line="785">
        <parameters>
          <parameter name="Value" type="Integer" paramflags="const" />
        </parameters>
      </procedure>
      <procedure name="SetWidth" visibility="protected" procflags="virtual" file="GMClasses.pas" line="794">
        <parameters>
          <parameter name="Value" type="Integer" paramflags="const" />
        </parameters>
      </procedure>
      <constructor name="Create" visibility="public" file="GMClasses.pas" line="802">
        <parameters>
        </parameters>
      </constructor>
      <procedure name="Assign" visibility="public" procflags="override" file="GMClasses.pas" line="812">
        <parameters>
          <parameter name="Source" type="TPersistent" />
        </parameters>
      </procedure>
      <event name="OnChange" visibility="public" read="FOnChange" write="FOnChange" type="TNotifyEvent" file="GMClasses.pas" line="814" />
      <property name="Height" visibility="published" read="FHeight" write="SetHeight" type="Integer" default="0" file="GMClasses.pas" line="816" />
      <property name="Width" visibility="published" read="FWidth" write="SetWidth" type="Integer" default="0" file="GMClasses.pas" line="817" />
    </members>
  </class>
  <class name="TBaseInfoWindow" file="GMClasses.pas" line="828">
    <ancestor name="TPersistent" namespace="System.Classes">
      <methodref name="AssignError" visibility="private">
      </methodref>
      <methodref name="AssignTo" visibility="protected" procflags="virtual">
      </methodref>
      <methodref name="DefineProperties" visibility="protected" procflags="virtual">
      </methodref>
      <methodref name="GetOwner" visibility="protected" procflags="dynamic">
      </methodref>
      <methodref name="Destroy" visibility="public" procflags="destructor override">
      </methodref>
      <methodref name="Assign" visibility="public" procflags="virtual">
      </methodref>
      <methodref name="GetNamePath" visibility="public" procflags="dynamic">
      </methodref>
      <ancestor name="TObject" namespace="System">
        <methodref name="Create" visibility="public" procflags="constructor">
        </methodref>
        <methodref name="Free" visibility="public">
        </methodref>
        <methodref name="DisposeOf" visibility="public" procflags="inline">
        </methodref>
        <methodref name="InitInstance" visibility="public" procflags="class">
        </methodref>
        <methodref name="CleanupInstance" visibility="public">
        </methodref>
        <methodref name="ClassType" visibility="public" procflags="inline">
        </methodref>
        <methodref name="ClassName" visibility="public" procflags="class">
        </methodref>
        <methodref name="ClassNameIs" visibility="public" procflags="class">
        </methodref>
        <methodref name="ClassParent" visibility="public" procflags="class">
        </methodref>
        <methodref name="ClassInfo" visibility="public" procflags="class inline">
        </methodref>
        <methodref name="InstanceSize" visibility="public" procflags="class inline">
        </methodref>
        <methodref name="InheritsFrom" visibility="public" procflags="class">
        </methodref>
        <methodref name="MethodAddress" visibility="public" procflags="class overload">
        </methodref>
        <methodref name="MethodAddress" visibility="public" procflags="class overload">
        </methodref>
        <methodref name="MethodName" visibility="public" procflags="class">
        </methodref>
        <methodref name="QualifiedClassName" visibility="public" procflags="class">
        </methodref>
        <methodref name="FieldAddress" visibility="public" procflags="overload">
        </methodref>
        <methodref name="FieldAddress" visibility="public" procflags="overload">
        </methodref>
        <methodref name="GetInterface" visibility="public">
        </methodref>
        <methodref name="GetInterfaceEntry" visibility="public" procflags="class">
        </methodref>
        <methodref name="GetInterfaceTable" visibility="public" procflags="class inline">
        </methodref>
        <methodref name="UnitName" visibility="public" procflags="class">
        </methodref>
        <methodref name="UnitScope" visibility="public" procflags="class">
        </methodref>
        <methodref name="Equals" visibility="public" procflags="virtual">
        </methodref>
        <methodref name="GetHashCode" visibility="public" procflags="virtual">
        </methodref>
        <methodref name="ToString" visibility="public" procflags="virtual">
        </methodref>
        <methodref name="SafeCallException" visibility="public" procflags="virtual">
        </methodref>
        <methodref name="AfterConstruction" visibility="public" procflags="virtual">
        </methodref>
        <methodref name="BeforeDestruction" visibility="public" procflags="virtual">
        </methodref>
        <methodref name="Dispatch" visibility="public" procflags="virtual">
        </methodref>
        <methodref name="DefaultHandler" visibility="public" procflags="virtual">
        </methodref>
        <methodref name="NewInstance" visibility="public" procflags="class virtual">
        </methodref>
        <methodref name="FreeInstance" visibility="public" procflags="virtual">
        </methodref>
        <methodref name="Destroy" visibility="public" procflags="destructor virtual">
        </methodref>
        <methodref name="GetDisposed" visibility="protected" procflags="inline">
        </methodref>
        <methodref name="CheckDisposed" visibility="protected" procflags="inline">
        </methodref>
        <propertyref name="Disposed" visibility="protected">
        </propertyref>
      </ancestor>
    </ancestor>
    <members>
      <field name="FOwner" type="TPersistent" visibility="private" size="4" offset="4" file="GMClasses.pas" line="830" />
      <field name="FHTMLContent" type="string" visibility="private" size="4" offset="8" file="GMClasses.pas" line="837" />
      <field name="FDisableAutoPan" type="Boolean" visibility="private" size="1" offset="12" file="GMClasses.pas" line="844" />
      <field name="FMaxWidth" type="Integer" visibility="private" size="4" offset="16" file="GMClasses.pas" line="851" />
      <field name="FPixelOffset" type="TGMSize" visibility="private" size="4" offset="20" file="GMClasses.pas" line="858" />
      <field name="FCloseOtherBeforeOpen" type="Boolean" visibility="private" size="1" offset="24" file="GMClasses.pas" line="865" />
      <field name="FOnMaxWidthChange" type="TNotifyEvent" visibility="private" size="8" offset="32" file="GMClasses.pas" line="872" />
      <field name="FOnCloseOtherBeforeOpenChange" type="TNotifyEvent" visibility="private" size="8" offset="40" file="GMClasses.pas" line="879" />
      <field name="FOnDisableAutoPanChange" type="TNotifyEvent" visibility="private" size="8" offset="48" file="GMClasses.pas" line="886" />
      <field name="FOnPixelOffsetChange" type="TNotifyEvent" visibility="private" size="8" offset="56" file="GMClasses.pas" line="893" />
      <field name="FOnHTMLContentChange" type="TNotifyEvent" visibility="private" size="8" offset="64" file="GMClasses.pas" line="900" />
      <procedure name="SetCloseOtherBeforeOpen" visibility="private" file="GMClasses.pas" line="901">
        <parameters>
          <parameter name="Value" type="Boolean" paramflags="const" />
        </parameters>
      </procedure>
      <procedure name="SetDisableAutoPan" visibility="private" file="GMClasses.pas" line="902">
        <parameters>
          <parameter name="Value" type="Boolean" paramflags="const" />
        </parameters>
      </procedure>
      <procedure name="SetHTMLContent" visibility="private" file="GMClasses.pas" line="903">
        <parameters>
          <parameter name="Value" type="string" paramflags="const" />
        </parameters>
      </procedure>
      <procedure name="SetMaxWidth" visibility="private" file="GMClasses.pas" line="904">
        <parameters>
          <parameter name="Value" type="Integer" paramflags="const" />
        </parameters>
      </procedure>
      <procedure name="SetPixelOffset" visibility="private" file="GMClasses.pas" line="905">
        <parameters>
          <parameter name="Value" type="TGMSize" paramflags="const" />
        </parameters>
      </procedure>
      <procedure name="PixelOffsetChange" visibility="protected" file="GMClasses.pas" line="915">
        <parameters>
          <parameter name="Sender" type="TObject" />
        </parameters>
      </procedure>
      <constructor name="Create" visibility="public" file="GMClasses.pas" line="925">
        <parameters>
          <parameter name="aOwner" type="TPersistent" />
        </parameters>
      </constructor>
      <destructor name="Destroy" visibility="public" file="GMClasses.pas" line="932">
        <parameters>
        </parameters>
      </destructor>
      <procedure name="Assign" visibility="public" procflags="override" file="GMClasses.pas" line="942">
        <parameters>
          <parameter name="Source" type="TPersistent" />
        </parameters>
      </procedure>
      <function name="GetConvertedString" visibility="public" file="GMClasses.pas" line="952">
        <parameters>
          <retval type="string" />
        </parameters>
      </function>
      <event name="OnHTMLContentChange" visibility="public" read="FOnHTMLContentChange" write="FOnHTMLContentChange" type="TNotifyEvent" file="GMClasses.pas" line="954" />
      <event name="OnDisableAutoPanChange" visibility="public" read="FOnDisableAutoPanChange" write="FOnDisableAutoPanChange" type="TNotifyEvent" file="GMClasses.pas" line="955" />
      <event name="OnMaxWidthChange" visibility="public" read="FOnMaxWidthChange" write="FOnMaxWidthChange" type="TNotifyEvent" file="GMClasses.pas" line="956" />
      <event name="OnPixelOffsetChange" visibility="public" read="FOnPixelOffsetChange" write="FOnPixelOffsetChange" type="TNotifyEvent" file="GMClasses.pas" line="957" />
      <event name="OnCloseOtherBeforeOpenChange" visibility="public" read="FOnCloseOtherBeforeOpenChange" write="FOnCloseOtherBeforeOpenChange" type="TNotifyEvent" file="GMClasses.pas" line="958" />
      <property name="HTMLContent" visibility="published" read="FHTMLContent" write="SetHTMLContent" type="string" default="0" file="GMClasses.pas" line="960" />
      <property name="DisableAutoPan" visibility="published" read="FDisableAutoPan" write="SetDisableAutoPan" type="Boolean" default="0" file="GMClasses.pas" line="961" />
      <property name="MaxWidth" visibility="published" read="FMaxWidth" write="SetMaxWidth" type="Integer" default="0" file="GMClasses.pas" line="962" />
      <property name="PixelOffset" visibility="published" read="FPixelOffset" write="SetPixelOffset" type="TGMSize" file="GMClasses.pas" line="963" />
      <property name="CloseOtherBeforeOpen" visibility="published" read="FCloseOtherBeforeOpen" write="SetCloseOtherBeforeOpen" type="Boolean" default="1" file="GMClasses.pas" line="964" />
    </members>
  </class>
</namespace>
