﻿<?xml version="1.0" encoding="utf-8"?>
<namespace name="GMRectangle" platform="Win32">
  <class name="TCustomRectangle" file="GMRectangle.pas" line="110">
    <ancestor name="TLinkedComponent" namespace="GMLinkedComponents">
      <methodref name="SetShowInfoWinMouseOver" visibility="private" />
      <methodref name="SetIdxList" visibility="protected" procflags="virtual" />
      <methodref name="OnHTMLContentChange" visibility="protected" />
      <methodref name="OnDisableAutoPanChange" visibility="protected" />
      <methodref name="OnMaxWidthChange" visibility="protected" />
      <methodref name="OnPixelOffsetChange" visibility="protected" />
      <methodref name="OnCloseOtherBeforeOpenChange" visibility="protected" />
      <methodref name="SetProperty" visibility="protected" procflags="overload" />
      <methodref name="SetProperty" visibility="protected" procflags="overload" />
      <methodref name="SetProperty" visibility="protected" procflags="overload" />
      <methodref name="SetProperty" visibility="protected" procflags="overload" />
      <methodref name="GetDisplayName" visibility="protected" procflags="override" />
      <methodref name="ChangeProperties" visibility="protected" procflags="abstract virtual" />
      <methodref name="CenterMapTo" visibility="protected" procflags="abstract virtual" />
      <propertyref name="IdxList" visibility="protected" />
      <propertyref name="InfoWindow" visibility="protected" />
      <propertyref name="Text" visibility="protected" />
      <propertyref name="ShowInfoWinMouseOver" visibility="protected" />
      <methodref name="Create" visibility="public" procflags="constructor override" />
      <methodref name="Destroy" visibility="public" procflags="destructor override" />
      <methodref name="Assign" visibility="public" procflags="override" />
      <methodref name="OpenCloseInfoWin" visibility="public" procflags="virtual" />
      <propertyref name="FObject" visibility="public" />
      <propertyref name="Tag" visibility="published" />
      <ancestor name="TCollectionItem" namespace="System.Classes">
        <methodref name="GetIndex" visibility="private">
        </methodref>
        <methodref name="Changed" visibility="protected">
        </methodref>
        <methodref name="GetOwner" visibility="protected" procflags="override">
        </methodref>
        <methodref name="GetDisplayName" visibility="protected" procflags="virtual">
        </methodref>
        <methodref name="SetCollection" visibility="protected" procflags="virtual">
        </methodref>
        <methodref name="SetIndex" visibility="protected" procflags="virtual">
        </methodref>
        <methodref name="SetDisplayName" visibility="protected" procflags="virtual">
        </methodref>
        <methodref name="Create" visibility="public" procflags="constructor virtual">
        </methodref>
        <methodref name="Destroy" visibility="public" procflags="destructor override">
        </methodref>
        <methodref name="Release" visibility="public" procflags="virtual">
        </methodref>
        <methodref name="GetNamePath" visibility="public" procflags="override">
        </methodref>
        <propertyref name="Collection" visibility="public">
        </propertyref>
        <propertyref name="ID" visibility="public">
        </propertyref>
        <propertyref name="Index" visibility="public">
        </propertyref>
        <propertyref name="DisplayName" visibility="public">
        </propertyref>
        <ancestor name="TPersistent" namespace="System.Classes">
          <methodref name="AssignError" visibility="private">
          </methodref>
          <methodref name="AssignTo" visibility="protected" procflags="virtual">
          </methodref>
          <methodref name="DefineProperties" visibility="protected" procflags="virtual">
          </methodref>
          <methodref name="GetOwner" visibility="protected" procflags="dynamic">
          </methodref>
          <methodref name="Destroy" visibility="public" procflags="destructor override">
          </methodref>
          <methodref name="Assign" visibility="public" procflags="virtual">
          </methodref>
          <methodref name="GetNamePath" visibility="public" procflags="dynamic">
          </methodref>
          <ancestor name="TObject" namespace="System">
            <methodref name="Create" visibility="public" procflags="constructor">
            </methodref>
            <methodref name="Free" visibility="public">
            </methodref>
            <methodref name="DisposeOf" visibility="public" procflags="inline">
            </methodref>
            <methodref name="InitInstance" visibility="public" procflags="class">
            </methodref>
            <methodref name="CleanupInstance" visibility="public">
            </methodref>
            <methodref name="ClassType" visibility="public" procflags="inline">
            </methodref>
            <methodref name="ClassName" visibility="public" procflags="class">
            </methodref>
            <methodref name="ClassNameIs" visibility="public" procflags="class">
            </methodref>
            <methodref name="ClassParent" visibility="public" procflags="class">
            </methodref>
            <methodref name="ClassInfo" visibility="public" procflags="class inline">
            </methodref>
            <methodref name="InstanceSize" visibility="public" procflags="class inline">
            </methodref>
            <methodref name="InheritsFrom" visibility="public" procflags="class">
            </methodref>
            <methodref name="MethodAddress" visibility="public" procflags="class overload">
            </methodref>
            <methodref name="MethodAddress" visibility="public" procflags="class overload">
            </methodref>
            <methodref name="MethodName" visibility="public" procflags="class">
            </methodref>
            <methodref name="QualifiedClassName" visibility="public" procflags="class">
            </methodref>
            <methodref name="FieldAddress" visibility="public" procflags="overload">
            </methodref>
            <methodref name="FieldAddress" visibility="public" procflags="overload">
            </methodref>
            <methodref name="GetInterface" visibility="public">
            </methodref>
            <methodref name="GetInterfaceEntry" visibility="public" procflags="class">
            </methodref>
            <methodref name="GetInterfaceTable" visibility="public" procflags="class inline">
            </methodref>
            <methodref name="UnitName" visibility="public" procflags="class">
            </methodref>
            <methodref name="UnitScope" visibility="public" procflags="class">
            </methodref>
            <methodref name="Equals" visibility="public" procflags="virtual">
            </methodref>
            <methodref name="GetHashCode" visibility="public" procflags="virtual">
            </methodref>
            <methodref name="ToString" visibility="public" procflags="virtual">
            </methodref>
            <methodref name="SafeCallException" visibility="public" procflags="virtual">
            </methodref>
            <methodref name="AfterConstruction" visibility="public" procflags="virtual">
            </methodref>
            <methodref name="BeforeDestruction" visibility="public" procflags="virtual">
            </methodref>
            <methodref name="Dispatch" visibility="public" procflags="virtual">
            </methodref>
            <methodref name="DefaultHandler" visibility="public" procflags="virtual">
            </methodref>
            <methodref name="NewInstance" visibility="public" procflags="class virtual">
            </methodref>
            <methodref name="FreeInstance" visibility="public" procflags="virtual">
            </methodref>
            <methodref name="Destroy" visibility="public" procflags="destructor virtual">
            </methodref>
            <methodref name="GetDisposed" visibility="protected" procflags="inline">
            </methodref>
            <methodref name="CheckDisposed" visibility="protected" procflags="inline">
            </methodref>
            <propertyref name="Disposed" visibility="protected">
            </propertyref>
          </ancestor>
        </ancestor>
      </ancestor>
    </ancestor>
    <members>
      <field name="FVisible" type="Boolean" visibility="private" size="1" offset="36" file="GMRectangle.pas" line="118" />
      <field name="FBounds" type="TLatLngBounds" visibility="private" size="4" offset="40" file="GMRectangle.pas" line="125" />
      <field name="FStrokeWeight" type="Integer" visibility="private" size="4" offset="44" file="GMRectangle.pas" line="132" />
      <field name="FFillOpacity" type="Real" visibility="private" size="8" offset="48" file="GMRectangle.pas" line="139" />
      <field name="FClickable" type="Boolean" visibility="private" size="1" offset="56" file="GMRectangle.pas" line="146" />
      <field name="FStrokeOpacity" type="Real" visibility="private" size="8" offset="64" file="GMRectangle.pas" line="153" />
      <field name="FEditable" type="Boolean" visibility="private" size="1" offset="72" file="GMRectangle.pas" line="160" />
      <field name="FIsBoundsUpdt" type="Boolean" visibility="private" size="1" offset="73" file="GMRectangle.pas" line="161" />
      <procedure name="SetClickable" visibility="private" file="GMRectangle.pas" line="162">
        <parameters>
          <parameter name="Value" type="Boolean" paramflags="const" />
        </parameters>
      </procedure>
      <procedure name="SetEditable" visibility="private" file="GMRectangle.pas" line="163">
        <parameters>
          <parameter name="Value" type="Boolean" paramflags="const" />
        </parameters>
      </procedure>
      <procedure name="SetFillOpacity" visibility="private" file="GMRectangle.pas" line="164">
        <parameters>
          <parameter name="Value" type="Real" paramflags="const" />
        </parameters>
      </procedure>
      <procedure name="SetStrokeOpacity" visibility="private" file="GMRectangle.pas" line="165">
        <parameters>
          <parameter name="Value" type="Real" paramflags="const" />
        </parameters>
      </procedure>
      <procedure name="SetStrokeWeight" visibility="private" file="GMRectangle.pas" line="166">
        <parameters>
          <parameter name="Value" type="Integer" paramflags="const" />
        </parameters>
      </procedure>
      <procedure name="SetVisible" visibility="private" file="GMRectangle.pas" line="167">
        <parameters>
          <parameter name="Value" type="Boolean" paramflags="const" />
        </parameters>
      </procedure>
      <procedure name="OnChangeBounds" visibility="private" file="GMRectangle.pas" line="168">
        <parameters>
          <parameter name="Sender" type="TObject" />
        </parameters>
      </procedure>
      <function name="GetFillColor" visibility="protected" procflags="abstract virtual" file="GMRectangle.pas" line="178">
        <parameters>
          <retval type="string" />
        </parameters>
      </function>
      <function name="GetStrokeColor" visibility="protected" procflags="abstract virtual" file="GMRectangle.pas" line="187">
        <parameters>
          <retval type="string" />
        </parameters>
      </function>
      <function name="ChangeProperties" visibility="protected" procflags="override" file="GMRectangle.pas" line="189">
        <parameters>
          <retval type="Boolean" />
        </parameters>
      </function>
      <constructor name="Create" visibility="public" file="GMRectangle.pas" line="191">
        <parameters>
          <parameter name="Collection" type="TCollection" />
        </parameters>
      </constructor>
      <destructor name="Destroy" visibility="public" file="GMRectangle.pas" line="192">
        <parameters>
        </parameters>
      </destructor>
      <procedure name="Assign" visibility="public" procflags="override" file="GMRectangle.pas" line="194">
        <parameters>
          <parameter name="Source" type="TPersistent" />
        </parameters>
      </procedure>
      <procedure name="ZoomToPoints" visibility="public" file="GMRectangle.pas" line="202">
      </procedure>
      <function name="GetStrPath" visibility="public" file="GMRectangle.pas" line="211">
        <parameters>
          <retval type="string" />
        </parameters>
      </function>
      <function name="ComputeArea" visibility="public" file="GMRectangle.pas" line="222">
        <parameters>
          <parameter name="Radius" type="Real">
            <value>
              -1
            </value>
          </parameter>
          <retval type="Real" />
        </parameters>
      </function>
      <procedure name="GetCenter" visibility="public" file="GMRectangle.pas" line="231">
        <parameters>
          <parameter name="LL" type="TLatLng" />
        </parameters>
      </procedure>
      <procedure name="CenterMapTo" visibility="public" procflags="override" file="GMRectangle.pas" line="232">
      </procedure>
      <property name="Bounds" visibility="published" read="FBounds" write="FBounds" type="TLatLngBounds" file="GMRectangle.pas" line="234" />
      <property name="Clickable" visibility="published" read="FClickable" write="SetClickable" type="Boolean" default="1" file="GMRectangle.pas" line="235" />
      <property name="Editable" visibility="published" read="FEditable" write="SetEditable" type="Boolean" default="0" file="GMRectangle.pas" line="236" />
      <property name="FillOpacity" visibility="published" read="FFillOpacity" write="SetFillOpacity" type="Real" default="0" file="GMRectangle.pas" line="237" />
      <property name="StrokeOpacity" visibility="published" read="FStrokeOpacity" write="SetStrokeOpacity" type="Real" default="0" file="GMRectangle.pas" line="238" />
      <property name="StrokeWeight" visibility="published" read="FStrokeWeight" write="SetStrokeWeight" type="Integer" default="2" file="GMRectangle.pas" line="239" />
      <property name="Visible" visibility="published" read="FVisible" write="SetVisible" type="Boolean" default="1" file="GMRectangle.pas" line="240" />
      <property name="InfoWindow" visibility="published" read="FInfoWindow" write="FInfoWindow" type="TBaseInfoWindow" hoisted="true" file="GMRectangle.pas" line="247" />
      <property name="Text" visibility="published" read="FText" write="FText" type="string" default="0" hoisted="true" file="GMRectangle.pas" line="254" />
    </members>
  </class>
  <class name="TCustomRectangles" file="GMRectangle.pas" line="263">
    <ancestor name="TLinkedComponents" namespace="GMLinkedComponents">
      <methodref name="GetItems" visibility="private" />
      <methodref name="SetItems" visibility="private" />
      <methodref name="GetOwner" visibility="protected" procflags="override" />
      <methodref name="Add" visibility="protected" />
      <methodref name="Insert" visibility="protected" />
      <methodref name="Delete" visibility="protected" />
      <methodref name="Move" visibility="protected" />
      <methodref name="Clear" visibility="protected" />
      <propertyref name="Items" visibility="protected" />
      <methodref name="Create" visibility="public" procflags="constructor virtual" />
      <methodref name="Assign" visibility="public" procflags="override" />
      <ancestor name="TCollection" namespace="System.Classes">
        <methodref name="GetCapacity" visibility="private">
        </methodref>
        <methodref name="GetCount" visibility="private" procflags="inline">
        </methodref>
        <methodref name="GetPropName" visibility="private">
        </methodref>
        <methodref name="InsertItem" visibility="private">
        </methodref>
        <methodref name="RemoveItem" visibility="private">
        </methodref>
        <methodref name="SetCapacity" visibility="private">
        </methodref>
        <methodref name="Added" visibility="protected" procflags="virtual" symflags="deprecated">
        </methodref>
        <methodref name="Deleting" visibility="protected" procflags="virtual" symflags="deprecated">
        </methodref>
        <propertyref name="NextID" visibility="protected">
        </propertyref>
        <methodref name="Notify" visibility="protected" procflags="virtual">
        </methodref>
        <methodref name="GetAttrCount" visibility="protected" procflags="dynamic">
        </methodref>
        <methodref name="GetAttr" visibility="protected" procflags="dynamic">
        </methodref>
        <methodref name="GetItemAttr" visibility="protected" procflags="dynamic">
        </methodref>
        <methodref name="Changed" visibility="protected">
        </methodref>
        <methodref name="GetItem" visibility="protected">
        </methodref>
        <methodref name="SetItem" visibility="protected">
        </methodref>
        <methodref name="SetItemName" visibility="protected" procflags="virtual">
        </methodref>
        <methodref name="Update" visibility="protected" procflags="virtual">
        </methodref>
        <propertyref name="PropName" visibility="protected">
        </propertyref>
        <propertyref name="UpdateCount" visibility="protected">
        </propertyref>
        <methodref name="Create" visibility="public" procflags="constructor">
        </methodref>
        <methodref name="Destroy" visibility="public" procflags="destructor override">
        </methodref>
        <methodref name="Owner" visibility="public">
        </methodref>
        <methodref name="Add" visibility="public">
        </methodref>
        <methodref name="Assign" visibility="public" procflags="override">
        </methodref>
        <methodref name="BeginUpdate" visibility="public" procflags="virtual">
        </methodref>
        <methodref name="Clear" visibility="public">
        </methodref>
        <methodref name="ClearAndResetID" visibility="public">
        </methodref>
        <methodref name="Delete" visibility="public">
        </methodref>
        <methodref name="EndUpdate" visibility="public" procflags="virtual">
        </methodref>
        <methodref name="Sort" visibility="public">
        </methodref>
        <methodref name="FindItemID" visibility="public">
        </methodref>
        <methodref name="GetEnumerator" visibility="public" procflags="inline">
        </methodref>
        <methodref name="GetNamePath" visibility="public" procflags="override">
        </methodref>
        <methodref name="Insert" visibility="public">
        </methodref>
        <propertyref name="Capacity" visibility="public">
        </propertyref>
        <propertyref name="Count" visibility="public">
        </propertyref>
        <propertyref name="ItemClass" visibility="public">
        </propertyref>
        <propertyref name="Items" visibility="public">
        </propertyref>
        <ancestor name="TPersistent" namespace="System.Classes">
          <methodref name="AssignError" visibility="private">
          </methodref>
          <methodref name="AssignTo" visibility="protected" procflags="virtual">
          </methodref>
          <methodref name="DefineProperties" visibility="protected" procflags="virtual">
          </methodref>
          <methodref name="GetOwner" visibility="protected" procflags="dynamic">
          </methodref>
          <methodref name="Destroy" visibility="public" procflags="destructor override">
          </methodref>
          <methodref name="Assign" visibility="public" procflags="virtual">
          </methodref>
          <methodref name="GetNamePath" visibility="public" procflags="dynamic">
          </methodref>
          <ancestor name="TObject" namespace="System">
            <methodref name="Create" visibility="public" procflags="constructor">
            </methodref>
            <methodref name="Free" visibility="public">
            </methodref>
            <methodref name="DisposeOf" visibility="public" procflags="inline">
            </methodref>
            <methodref name="InitInstance" visibility="public" procflags="class">
            </methodref>
            <methodref name="CleanupInstance" visibility="public">
            </methodref>
            <methodref name="ClassType" visibility="public" procflags="inline">
            </methodref>
            <methodref name="ClassName" visibility="public" procflags="class">
            </methodref>
            <methodref name="ClassNameIs" visibility="public" procflags="class">
            </methodref>
            <methodref name="ClassParent" visibility="public" procflags="class">
            </methodref>
            <methodref name="ClassInfo" visibility="public" procflags="class inline">
            </methodref>
            <methodref name="InstanceSize" visibility="public" procflags="class inline">
            </methodref>
            <methodref name="InheritsFrom" visibility="public" procflags="class">
            </methodref>
            <methodref name="MethodAddress" visibility="public" procflags="class overload">
            </methodref>
            <methodref name="MethodAddress" visibility="public" procflags="class overload">
            </methodref>
            <methodref name="MethodName" visibility="public" procflags="class">
            </methodref>
            <methodref name="QualifiedClassName" visibility="public" procflags="class">
            </methodref>
            <methodref name="FieldAddress" visibility="public" procflags="overload">
            </methodref>
            <methodref name="FieldAddress" visibility="public" procflags="overload">
            </methodref>
            <methodref name="GetInterface" visibility="public">
            </methodref>
            <methodref name="GetInterfaceEntry" visibility="public" procflags="class">
            </methodref>
            <methodref name="GetInterfaceTable" visibility="public" procflags="class inline">
            </methodref>
            <methodref name="UnitName" visibility="public" procflags="class">
            </methodref>
            <methodref name="UnitScope" visibility="public" procflags="class">
            </methodref>
            <methodref name="Equals" visibility="public" procflags="virtual">
            </methodref>
            <methodref name="GetHashCode" visibility="public" procflags="virtual">
            </methodref>
            <methodref name="ToString" visibility="public" procflags="virtual">
            </methodref>
            <methodref name="SafeCallException" visibility="public" procflags="virtual">
            </methodref>
            <methodref name="AfterConstruction" visibility="public" procflags="virtual">
            </methodref>
            <methodref name="BeforeDestruction" visibility="public" procflags="virtual">
            </methodref>
            <methodref name="Dispatch" visibility="public" procflags="virtual">
            </methodref>
            <methodref name="DefaultHandler" visibility="public" procflags="virtual">
            </methodref>
            <methodref name="NewInstance" visibility="public" procflags="class virtual">
            </methodref>
            <methodref name="FreeInstance" visibility="public" procflags="virtual">
            </methodref>
            <methodref name="Destroy" visibility="public" procflags="destructor virtual">
            </methodref>
            <methodref name="GetDisposed" visibility="protected" procflags="inline">
            </methodref>
            <methodref name="CheckDisposed" visibility="protected" procflags="inline">
            </methodref>
            <propertyref name="Disposed" visibility="protected">
            </propertyref>
          </ancestor>
        </ancestor>
      </ancestor>
    </ancestor>
    <members>
      <procedure name="SetItems" visibility="private" file="GMRectangle.pas" line="265">
        <parameters>
          <parameter name="I" type="Integer" />
          <parameter name="Value" type="TCustomRectangle" paramflags="const" />
        </parameters>
      </procedure>
      <function name="GetItems" visibility="private" file="GMRectangle.pas" line="266">
        <parameters>
          <parameter name="I" type="Integer" />
          <retval type="TCustomRectangle" />
        </parameters>
      </function>
      <function name="GetOwner" visibility="protected" procflags="override" file="GMRectangle.pas" line="268">
        <parameters>
          <retval type="TPersistent" />
        </parameters>
      </function>
      <function name="Add" visibility="public" file="GMRectangle.pas" line="270">
        <parameters>
          <retval type="TCustomRectangle" />
        </parameters>
      </function>
      <function name="Insert" visibility="public" file="GMRectangle.pas" line="271">
        <parameters>
          <parameter name="Index" type="Integer" />
          <retval type="TCustomRectangle" />
        </parameters>
      </function>
      <property name="Items[I]" visibility="public" read="GetItems" write="SetItems" type="TCustomRectangle" file="GMRectangle.pas" line="279" />
    </members>
  </class>
  <class name="TCustomGMRectangle" file="GMRectangle.pas" line="288">
    <ancestor name="TGMLinkedComponent" namespace="GMLinkedComponents">
      <methodref name="SetAutoUpdate" visibility="private" />
      <methodref name="SetIdxList" visibility="protected" procflags="override" />
      <methodref name="GetItems" visibility="protected" />
      <methodref name="ErrorControl" visibility="protected" procflags="virtual" />
      <methodref name="DeleteMapObjects" visibility="protected" procflags="override" />
      <methodref name="EventFired" visibility="protected" procflags="override" />
      <methodref name="GetCollectionItemClass" visibility="protected" procflags="virtual" />
      <methodref name="GetCollectionClass" visibility="protected" procflags="virtual" />
      <methodref name="GetCount" visibility="protected" />
      <propertyref name="Items" visibility="protected" />
      <methodref name="Create" visibility="public" procflags="constructor override" />
      <methodref name="Destroy" visibility="public" procflags="destructor override" />
      <methodref name="ShowElements" visibility="public" procflags="override" />
      <methodref name="Assign" visibility="public" procflags="override" />
      <methodref name="Add" visibility="public" />
      <methodref name="Delete" visibility="public" />
      <methodref name="Move" visibility="public" />
      <methodref name="Clear" visibility="public" />
      <propertyref name="Count" visibility="public" />
      <propertyref name="VisualObjects" visibility="public" />
      <propertyref name="AutoUpdate" visibility="published" />
      <eventref name="OnCloseClick" visibility="published" />
      <eventref name="OnHTMLContentChange" visibility="published" />
      <eventref name="OnDisableAutoPanChange" visibility="published" />
      <eventref name="OnMaxWidthChange" visibility="published" />
      <eventref name="OnPixelOffsetChange" visibility="published" />
      <eventref name="OnCloseOtherBeforeOpenChange" visibility="published" />
      <ancestor name="TGMObjects" namespace="GMMap">
        <methodref name="SetIdxList" visibility="protected" procflags="virtual" />
        <methodref name="SetMap" visibility="protected" procflags="virtual" />
        <methodref name="Notification" visibility="protected" procflags="override" />
        <methodref name="ExecuteScript" visibility="protected" procflags="virtual" />
        <methodref name="DeleteMapObjects" visibility="protected" procflags="abstract virtual" />
        <methodref name="ShowElements" visibility="protected" procflags="abstract virtual" />
        <methodref name="EventFired" visibility="protected" procflags="abstract virtual" />
        <methodref name="IsMapActive" visibility="protected" />
        <methodref name="GetIntegerField" visibility="protected" />
        <methodref name="GetStringField" visibility="protected" />
        <methodref name="GetFloatField" visibility="protected" />
        <methodref name="GetBoolField" visibility="protected" />
        <methodref name="GetMapPrecision" visibility="protected" />
        <propertyref name="IdxList" visibility="protected" />
        <methodref name="Create" visibility="public" procflags="constructor override" />
        <methodref name="Destroy" visibility="public" procflags="destructor override" />
        <propertyref name="Map" visibility="published" />
        <ancestor name="TGMBase" namespace="GMClasses">
          <methodref name="GetAPIUrl" visibility="protected" procflags="virtual" />
          <methodref name="ControlPrecision" visibility="protected" procflags="virtual" />
          <methodref name="GetConvertedString" visibility="protected" />
          <methodref name="Create" visibility="public" procflags="constructor override" />
          <methodref name="Assign" visibility="public" procflags="override" />
          <propertyref name="APIUrl" visibility="published" />
          <propertyref name="Language" visibility="published" />
          <propertyref name="AboutGMLib" visibility="published" />
          <ancestor name="TComponent" namespace="System.Classes">
            <interfaces>
              <implements name="IInterfaceComponentReference" />
              <implements name="IInterface" />
            </interfaces>
            <methodref name="GetComObject" visibility="private">
            </methodref>
            <methodref name="GetComponent" visibility="private">
            </methodref>
            <methodref name="GetComponentCount" visibility="private">
            </methodref>
            <methodref name="GetComponentIndex" visibility="private">
            </methodref>
            <methodref name="Insert" visibility="private">
            </methodref>
            <methodref name="ReadLeft" visibility="private">
            </methodref>
            <methodref name="ReadTop" visibility="private">
            </methodref>
            <methodref name="Remove" visibility="private">
            </methodref>
            <methodref name="RemoveNotification" visibility="private">
            </methodref>
            <methodref name="SetComponentIndex" visibility="private">
            </methodref>
            <methodref name="SetReference" visibility="private">
            </methodref>
            <methodref name="WriteLeft" visibility="private">
            </methodref>
            <methodref name="WriteTop" visibility="private">
            </methodref>
            <methodref name="IntfGetComponent" visibility="private">
            </methodref>
            <methodref name="DoGetDeltaStreams" visibility="private">
            </methodref>
            <methodref name="ReadDeltaStream" visibility="private">
            </methodref>
            <methodref name="ReadDeltaState" visibility="private">
            </methodref>
            <methodref name="FindSortedComponent" visibility="private">
            </methodref>
            <methodref name="AddSortedComponent" visibility="private">
            </methodref>
            <methodref name="RemoveSortedComponent" visibility="private" procflags="inline">
            </methodref>
            <methodref name="Create@" visibility="class private" procflags="class constructor noself">
            </methodref>
            <methodref name="AsyncSchedule" visibility="protected" procflags="virtual">
            </methodref>
            <methodref name="ChangeName" visibility="protected">
            </methodref>
            <methodref name="DefineProperties" visibility="protected" procflags="override">
            </methodref>
            <methodref name="GetChildren" visibility="protected" procflags="dynamic">
            </methodref>
            <methodref name="GetChildOwner" visibility="protected" procflags="dynamic">
            </methodref>
            <methodref name="GetChildParent" visibility="protected" procflags="dynamic">
            </methodref>
            <methodref name="GetOwner" visibility="protected" procflags="override">
            </methodref>
            <methodref name="Loaded" visibility="protected" procflags="virtual">
            </methodref>
            <methodref name="Notification" visibility="protected" procflags="virtual">
            </methodref>
            <methodref name="GetDeltaStreams" visibility="protected" procflags="dynamic">
            </methodref>
            <methodref name="PaletteCreated" visibility="protected" procflags="dynamic">
            </methodref>
            <methodref name="ReadState" visibility="protected" procflags="virtual">
            </methodref>
            <methodref name="CanObserve" visibility="protected" procflags="virtual">
            </methodref>
            <methodref name="ObserverAdded" visibility="protected" procflags="virtual">
            </methodref>
            <methodref name="GetObservers" visibility="protected" procflags="virtual">
            </methodref>
            <methodref name="SetAncestor" visibility="protected">
            </methodref>
            <methodref name="SetDesigning" visibility="protected">
            </methodref>
            <methodref name="SetInline" visibility="protected">
            </methodref>
            <methodref name="SetDesignInstance" visibility="protected">
            </methodref>
            <methodref name="SetName" visibility="protected" procflags="virtual">
            </methodref>
            <methodref name="SetChildOrder" visibility="protected" procflags="dynamic">
            </methodref>
            <methodref name="SetParentComponent" visibility="protected" procflags="dynamic">
            </methodref>
            <methodref name="Updating" visibility="protected" procflags="dynamic">
            </methodref>
            <methodref name="Updated" visibility="protected" procflags="dynamic">
            </methodref>
            <methodref name="UpdateRegistry" visibility="protected" procflags="class virtual">
            </methodref>
            <methodref name="ValidateRename" visibility="protected" procflags="virtual">
            </methodref>
            <methodref name="ValidateContainer" visibility="protected" procflags="dynamic">
            </methodref>
            <methodref name="ValidateInsert" visibility="protected" procflags="dynamic">
            </methodref>
            <methodref name="WriteState" visibility="protected" procflags="virtual">
            </methodref>
            <methodref name="RemoveFreeNotifications" visibility="protected">
            </methodref>
            <methodref name="QueryInterface" visibility="protected" procflags="virtual">
            </methodref>
            <methodref name="_AddRef" visibility="protected">
            </methodref>
            <methodref name="_Release" visibility="protected">
            </methodref>
            <methodref name="GetTypeInfoCount" visibility="protected">
            </methodref>
            <methodref name="GetTypeInfo" visibility="protected">
            </methodref>
            <methodref name="GetIDsOfNames" visibility="protected">
            </methodref>
            <methodref name="Invoke" visibility="protected">
            </methodref>
            <eventref name="OnGetDeltaStreams" visibility="protected">
            </eventref>
            <methodref name="Create" visibility="public" procflags="constructor virtual">
            </methodref>
            <methodref name="Destroy" visibility="public" procflags="destructor override">
            </methodref>
            <methodref name="BeforeDestruction" visibility="public" procflags="override">
            </methodref>
            <methodref name="BeginInvoke" visibility="public" procflags="overload">
            </methodref>
            <methodref name="BeginInvoke" visibility="public" procflags="overload">
            </methodref>
            <methodref name="BeginInvoke" visibility="public" procflags="overload">
            </methodref>
            <methodref name="BeginInvoke" visibility="public" procflags="overload">
            </methodref>
            <methodref name="BeginInvoke" visibility="public" procflags="overload">
            </methodref>
            <methodref name="BeginInvoke" visibility="public" procflags="overload">
            </methodref>
            <methodref name="BeginInvoke" visibility="public" procflags="overload">
            </methodref>
            <methodref name="BeginInvoke" visibility="public" procflags="overload">
            </methodref>
            <methodref name="EndInvoke" visibility="public" procflags="overload">
            </methodref>
            <methodref name="EndInvoke" visibility="public" procflags="overload">
            </methodref>
            <methodref name="EndFunctionInvoke" visibility="public">
            </methodref>
            <methodref name="DestroyComponents" visibility="public">
            </methodref>
            <methodref name="Destroying" visibility="public">
            </methodref>
            <methodref name="ExecuteAction" visibility="public" procflags="dynamic">
            </methodref>
            <methodref name="FindComponent" visibility="public">
            </methodref>
            <methodref name="FreeNotification" visibility="public">
            </methodref>
            <methodref name="RemoveFreeNotification" visibility="public">
            </methodref>
            <methodref name="FreeOnRelease" visibility="public">
            </methodref>
            <methodref name="GetEnumerator" visibility="public" procflags="inline">
            </methodref>
            <methodref name="GetParentComponent" visibility="public" procflags="dynamic">
            </methodref>
            <methodref name="GetNamePath" visibility="public" procflags="override">
            </methodref>
            <methodref name="HasParent" visibility="public" procflags="dynamic">
            </methodref>
            <methodref name="InsertComponent" visibility="public">
            </methodref>
            <methodref name="RemoveComponent" visibility="public">
            </methodref>
            <methodref name="SetSubComponent" visibility="public">
            </methodref>
            <methodref name="SafeCallException" visibility="public" procflags="override">
            </methodref>
            <methodref name="UpdateAction" visibility="public" procflags="virtual">
            </methodref>
            <methodref name="IsImplementorOf" visibility="public">
            </methodref>
            <methodref name="ReferenceInterface" visibility="public">
            </methodref>
            <propertyref name="ComObject" visibility="public">
            </propertyref>
            <propertyref name="Components" visibility="public">
            </propertyref>
            <propertyref name="ComponentCount" visibility="public">
            </propertyref>
            <propertyref name="ComponentIndex" visibility="public">
            </propertyref>
            <propertyref name="ComponentState" visibility="public">
            </propertyref>
            <propertyref name="ComponentStyle" visibility="public">
            </propertyref>
            <propertyref name="DesignInfo" visibility="public">
            </propertyref>
            <propertyref name="Owner" visibility="public">
            </propertyref>
            <propertyref name="VCLComObject" visibility="public">
            </propertyref>
            <propertyref name="Observers" visibility="public">
            </propertyref>
            <propertyref name="Name" visibility="published">
            </propertyref>
            <propertyref name="Tag" visibility="published">
            </propertyref>
            <ancestor name="TPersistent" namespace="System.Classes">
              <methodref name="AssignError" visibility="private">
              </methodref>
              <methodref name="AssignTo" visibility="protected" procflags="virtual">
              </methodref>
              <methodref name="DefineProperties" visibility="protected" procflags="virtual">
              </methodref>
              <methodref name="GetOwner" visibility="protected" procflags="dynamic">
              </methodref>
              <methodref name="Destroy" visibility="public" procflags="destructor override">
              </methodref>
              <methodref name="Assign" visibility="public" procflags="virtual">
              </methodref>
              <methodref name="GetNamePath" visibility="public" procflags="dynamic">
              </methodref>
              <ancestor name="TObject" namespace="System">
                <methodref name="Create" visibility="public" procflags="constructor">
                </methodref>
                <methodref name="Free" visibility="public">
                </methodref>
                <methodref name="DisposeOf" visibility="public" procflags="inline">
                </methodref>
                <methodref name="InitInstance" visibility="public" procflags="class">
                </methodref>
                <methodref name="CleanupInstance" visibility="public">
                </methodref>
                <methodref name="ClassType" visibility="public" procflags="inline">
                </methodref>
                <methodref name="ClassName" visibility="public" procflags="class">
                </methodref>
                <methodref name="ClassNameIs" visibility="public" procflags="class">
                </methodref>
                <methodref name="ClassParent" visibility="public" procflags="class">
                </methodref>
                <methodref name="ClassInfo" visibility="public" procflags="class inline">
                </methodref>
                <methodref name="InstanceSize" visibility="public" procflags="class inline">
                </methodref>
                <methodref name="InheritsFrom" visibility="public" procflags="class">
                </methodref>
                <methodref name="MethodAddress" visibility="public" procflags="class overload">
                </methodref>
                <methodref name="MethodAddress" visibility="public" procflags="class overload">
                </methodref>
                <methodref name="MethodName" visibility="public" procflags="class">
                </methodref>
                <methodref name="QualifiedClassName" visibility="public" procflags="class">
                </methodref>
                <methodref name="FieldAddress" visibility="public" procflags="overload">
                </methodref>
                <methodref name="FieldAddress" visibility="public" procflags="overload">
                </methodref>
                <methodref name="GetInterface" visibility="public">
                </methodref>
                <methodref name="GetInterfaceEntry" visibility="public" procflags="class">
                </methodref>
                <methodref name="GetInterfaceTable" visibility="public" procflags="class inline">
                </methodref>
                <methodref name="UnitName" visibility="public" procflags="class">
                </methodref>
                <methodref name="UnitScope" visibility="public" procflags="class">
                </methodref>
                <methodref name="Equals" visibility="public" procflags="virtual">
                </methodref>
                <methodref name="GetHashCode" visibility="public" procflags="virtual">
                </methodref>
                <methodref name="ToString" visibility="public" procflags="virtual">
                </methodref>
                <methodref name="SafeCallException" visibility="public" procflags="virtual">
                </methodref>
                <methodref name="AfterConstruction" visibility="public" procflags="virtual">
                </methodref>
                <methodref name="BeforeDestruction" visibility="public" procflags="virtual">
                </methodref>
                <methodref name="Dispatch" visibility="public" procflags="virtual">
                </methodref>
                <methodref name="DefaultHandler" visibility="public" procflags="virtual">
                </methodref>
                <methodref name="NewInstance" visibility="public" procflags="class virtual">
                </methodref>
                <methodref name="FreeInstance" visibility="public" procflags="virtual">
                </methodref>
                <methodref name="Destroy" visibility="public" procflags="destructor virtual">
                </methodref>
                <methodref name="GetDisposed" visibility="protected" procflags="inline">
                </methodref>
                <methodref name="CheckDisposed" visibility="protected" procflags="inline">
                </methodref>
                <propertyref name="Disposed" visibility="protected">
                </propertyref>
              </ancestor>
            </ancestor>
          </ancestor>
        </ancestor>
      </ancestor>
    </ancestor>
    <members>
      <field name="FOnStrokeColorChange" type="TLinkedComponentChange" visibility="private" size="8" offset="144" file="GMRectangle.pas" line="296" />
      <field name="FOnRightClick" type="TLatLngIdxEvent" visibility="private" size="8" offset="152" file="GMRectangle.pas" line="303" />
      <field name="FOnMouseDown" type="TLatLngIdxEvent" visibility="private" size="8" offset="160" file="GMRectangle.pas" line="310" />
      <field name="FOnVisibleChange" type="TLinkedComponentChange" visibility="private" size="8" offset="168" file="GMRectangle.pas" line="317" />
      <field name="FOnMouseMove" type="TLatLngIdxEvent" visibility="private" size="8" offset="176" file="GMRectangle.pas" line="324" />
      <field name="FOnStrokeWeightChange" type="TLinkedComponentChange" visibility="private" size="8" offset="184" file="GMRectangle.pas" line="331" />
      <field name="FOnMouseUp" type="TLatLngIdxEvent" visibility="private" size="8" offset="192" file="GMRectangle.pas" line="338" />
      <field name="FOnFillOpacityChange" type="TLinkedComponentChange" visibility="private" size="8" offset="200" file="GMRectangle.pas" line="345" />
      <field name="FOnClickableChange" type="TLinkedComponentChange" visibility="private" size="8" offset="208" file="GMRectangle.pas" line="352" />
      <field name="FOnMouseOut" type="TLatLngIdxEvent" visibility="private" size="8" offset="216" file="GMRectangle.pas" line="359" />
      <field name="FOnStrokeOpacityChange" type="TLinkedComponentChange" visibility="private" size="8" offset="224" file="GMRectangle.pas" line="366" />
      <field name="FOnEditableChange" type="TLinkedComponentChange" visibility="private" size="8" offset="232" file="GMRectangle.pas" line="373" />
      <field name="FOnBoundsChanged" type="TLinkedComponentChange" visibility="private" size="8" offset="240" file="GMRectangle.pas" line="380" />
      <field name="FOnDblClick" type="TLatLngIdxEvent" visibility="private" size="8" offset="248" file="GMRectangle.pas" line="387" />
      <field name="FOnMouseOver" type="TLatLngIdxEvent" visibility="private" size="8" offset="256" file="GMRectangle.pas" line="394" />
      <field name="FOnFillColorChange" type="TLinkedComponentChange" visibility="private" size="8" offset="264" file="GMRectangle.pas" line="401" />
      <field name="FOnClick" type="TLatLngIdxEvent" visibility="private" size="8" offset="272" file="GMRectangle.pas" line="408" />
      <function name="GetAPIUrl" visibility="protected" procflags="override" file="GMRectangle.pas" line="410">
        <parameters>
          <retval type="string" />
        </parameters>
      </function>
      <function name="GetItems" visibility="protected" file="GMRectangle.pas" line="412">
        <parameters>
          <parameter name="I" type="Integer" />
          <retval type="TCustomRectangle" />
        </parameters>
      </function>
      <procedure name="EventFired" visibility="protected" procflags="override" file="GMRectangle.pas" line="414">
        <parameters>
          <parameter name="EventType" type="TEventType" />
          <parameter name="Params">
            <array name="Params">
              <element type="TVarRec" />
            </array>
          </parameter>
        </parameters>
      </procedure>
      <function name="GetCollectionItemClass" visibility="protected" procflags="override" file="GMRectangle.pas" line="415">
        <parameters>
          <retval type="TLinkedComponentClass" />
        </parameters>
      </function>
      <function name="GetCollectionClass" visibility="protected" procflags="override" file="GMRectangle.pas" line="416">
        <parameters>
          <retval type="TLinkedComponentsClass" />
        </parameters>
      </function>
      <function name="Add" visibility="public" file="GMRectangle.pas" line="434">
        <parameters>
          <parameter name="SWLat" type="Real">
            <value>
              0
            </value>
          </parameter>
          <parameter name="SWLng" type="Real">
            <value>
              0
            </value>
          </parameter>
          <parameter name="NELat" type="Real">
            <value>
              0
            </value>
          </parameter>
          <parameter name="NELng" type="Real">
            <value>
              0
            </value>
          </parameter>
          <retval type="TCustomRectangle" />
        </parameters>
      </function>
      <property name="Items[I]" visibility="public" read="GetItems" type="TCustomRectangle" file="GMRectangle.pas" line="442" />
      <property name="VisualObjects" visibility="published" read="FVisualObjects" write="FVisualObjects" type="TLinkedComponents" hoisted="true" file="GMRectangle.pas" line="450" />
      <event name="OnBoundsChanged" visibility="published" read="FOnBoundsChanged" write="FOnBoundsChanged" type="TLinkedComponentChange" file="GMRectangle.pas" line="454" />
      <event name="OnClick" visibility="published" read="FOnClick" write="FOnClick" type="TLatLngIdxEvent" file="GMRectangle.pas" line="456" />
      <event name="OnDblClick" visibility="published" read="FOnDblClick" write="FOnDblClick" type="TLatLngIdxEvent" file="GMRectangle.pas" line="457" />
      <event name="OnMouseDown" visibility="published" read="FOnMouseDown" write="FOnMouseDown" type="TLatLngIdxEvent" file="GMRectangle.pas" line="458" />
      <event name="OnMouseMove" visibility="published" read="FOnMouseMove" write="FOnMouseMove" type="TLatLngIdxEvent" file="GMRectangle.pas" line="459" />
      <event name="OnMouseOut" visibility="published" read="FOnMouseOut" write="FOnMouseOut" type="TLatLngIdxEvent" file="GMRectangle.pas" line="460" />
      <event name="OnMouseOver" visibility="published" read="FOnMouseOver" write="FOnMouseOver" type="TLatLngIdxEvent" file="GMRectangle.pas" line="461" />
      <event name="OnMouseUp" visibility="published" read="FOnMouseUp" write="FOnMouseUp" type="TLatLngIdxEvent" file="GMRectangle.pas" line="462" />
      <event name="OnRightClick" visibility="published" read="FOnRightClick" write="FOnRightClick" type="TLatLngIdxEvent" file="GMRectangle.pas" line="463" />
      <event name="OnClickableChange" visibility="published" read="FOnClickableChange" write="FOnClickableChange" type="TLinkedComponentChange" file="GMRectangle.pas" line="465" />
      <event name="OnEditableChange" visibility="published" read="FOnEditableChange" write="FOnEditableChange" type="TLinkedComponentChange" file="GMRectangle.pas" line="466" />
      <event name="OnFillColorChange" visibility="published" read="FOnFillColorChange" write="FOnFillColorChange" type="TLinkedComponentChange" file="GMRectangle.pas" line="467" />
      <event name="OnFillOpacityChange" visibility="published" read="FOnFillOpacityChange" write="FOnFillOpacityChange" type="TLinkedComponentChange" file="GMRectangle.pas" line="468" />
      <event name="OnStrokeColorChange" visibility="published" read="FOnStrokeColorChange" write="FOnStrokeColorChange" type="TLinkedComponentChange" file="GMRectangle.pas" line="469" />
      <event name="OnStrokeOpacityChange" visibility="published" read="FOnStrokeOpacityChange" write="FOnStrokeOpacityChange" type="TLinkedComponentChange" file="GMRectangle.pas" line="470" />
      <event name="OnStrokeWeightChange" visibility="published" read="FOnStrokeWeightChange" write="FOnStrokeWeightChange" type="TLinkedComponentChange" file="GMRectangle.pas" line="471" />
      <event name="OnVisibleChange" visibility="published" read="FOnVisibleChange" write="FOnVisibleChange" type="TLinkedComponentChange" file="GMRectangle.pas" line="472" />
    </members>
  </class>
</namespace>
