﻿<?xml version="1.0" encoding="utf-8"?>
<namespace name="WebControl" platform="Win32">
  <class name="TCustomWeb" file="WebControl.pas" line="84">
    <ancestor name="TObject" namespace="System">
      <methodref name="Create" visibility="public" procflags="constructor">
      </methodref>
      <methodref name="Free" visibility="public">
      </methodref>
      <methodref name="DisposeOf" visibility="public" procflags="inline">
      </methodref>
      <methodref name="InitInstance" visibility="public" procflags="class">
      </methodref>
      <methodref name="CleanupInstance" visibility="public">
      </methodref>
      <methodref name="ClassType" visibility="public" procflags="inline">
      </methodref>
      <methodref name="ClassName" visibility="public" procflags="class">
      </methodref>
      <methodref name="ClassNameIs" visibility="public" procflags="class">
      </methodref>
      <methodref name="ClassParent" visibility="public" procflags="class">
      </methodref>
      <methodref name="ClassInfo" visibility="public" procflags="class inline">
      </methodref>
      <methodref name="InstanceSize" visibility="public" procflags="class inline">
      </methodref>
      <methodref name="InheritsFrom" visibility="public" procflags="class">
      </methodref>
      <methodref name="MethodAddress" visibility="public" procflags="class overload">
      </methodref>
      <methodref name="MethodAddress" visibility="public" procflags="class overload">
      </methodref>
      <methodref name="MethodName" visibility="public" procflags="class">
      </methodref>
      <methodref name="QualifiedClassName" visibility="public" procflags="class">
      </methodref>
      <methodref name="FieldAddress" visibility="public" procflags="overload">
      </methodref>
      <methodref name="FieldAddress" visibility="public" procflags="overload">
      </methodref>
      <methodref name="GetInterface" visibility="public">
      </methodref>
      <methodref name="GetInterfaceEntry" visibility="public" procflags="class">
      </methodref>
      <methodref name="GetInterfaceTable" visibility="public" procflags="class inline">
      </methodref>
      <methodref name="UnitName" visibility="public" procflags="class">
      </methodref>
      <methodref name="UnitScope" visibility="public" procflags="class">
      </methodref>
      <methodref name="Equals" visibility="public" procflags="virtual">
      </methodref>
      <methodref name="GetHashCode" visibility="public" procflags="virtual">
      </methodref>
      <methodref name="ToString" visibility="public" procflags="virtual">
      </methodref>
      <methodref name="SafeCallException" visibility="public" procflags="virtual">
      </methodref>
      <methodref name="AfterConstruction" visibility="public" procflags="virtual">
      </methodref>
      <methodref name="BeforeDestruction" visibility="public" procflags="virtual">
      </methodref>
      <methodref name="Dispatch" visibility="public" procflags="virtual">
      </methodref>
      <methodref name="DefaultHandler" visibility="public" procflags="virtual">
      </methodref>
      <methodref name="NewInstance" visibility="public" procflags="class virtual">
      </methodref>
      <methodref name="FreeInstance" visibility="public" procflags="virtual">
      </methodref>
      <methodref name="Destroy" visibility="public" procflags="destructor virtual">
      </methodref>
      <methodref name="GetDisposed" visibility="protected" procflags="inline">
      </methodref>
      <methodref name="CheckDisposed" visibility="protected" procflags="inline">
      </methodref>
      <propertyref name="Disposed" visibility="protected">
      </propertyref>
    </ancestor>
    <members>
      <field name="FWebBrowser" type="TComponent" visibility="protected" size="4" offset="4" file="WebControl.pas" line="93" />
      <field name="FLinks" type="TStringList" visibility="protected" size="4" offset="8" file="WebControl.pas" line="100" />
      <field name="FForms" type="TStringList" visibility="protected" size="4" offset="12" file="WebControl.pas" line="107" />
      <field name="FFields" type="TStringList" visibility="protected" size="4" offset="16" file="WebControl.pas" line="114" />
      <procedure name="SetBrowser" visibility="protected" procflags="virtual" file="WebControl.pas" line="124">
        <parameters>
          <parameter name="Browser" type="TComponent" />
        </parameters>
      </procedure>
      <function name="WebFormFieldValue" visibility="protected" procflags="abstract overload virtual" file="WebControl.pas" line="138">
        <parameters>
          <parameter name="FormIdx" type="Integer" paramflags="const" />
          <parameter name="FieldName" type="string" paramflags="const" />
          <retval type="string" />
        </parameters>
      </function>
      <function name="WebFormFieldValue" visibility="protected" procflags="overload" file="WebControl.pas" line="151">
        <parameters>
          <parameter name="FormName" type="string" paramflags="const" />
          <parameter name="FieldName" type="string" paramflags="const" />
          <retval type="string" />
        </parameters>
      </function>
      <constructor name="Create" visibility="public" file="WebControl.pas" line="161">
        <parameters>
          <parameter name="WebBrowser" type="TComponent" />
        </parameters>
      </constructor>
      <destructor name="Destroy" visibility="public" file="WebControl.pas" line="168">
        <parameters>
        </parameters>
      </destructor>
      <procedure name="Clear" visibility="public" file="WebControl.pas" line="176">
      </procedure>
      <procedure name="WebFormNames" visibility="public" procflags="abstract virtual" file="WebControl.pas" line="183">
      </procedure>
      <procedure name="WebFormFields" visibility="public" procflags="overload" file="WebControl.pas" line="192">
        <parameters>
          <parameter name="FormName" type="string" paramflags="const" />
        </parameters>
      </procedure>
      <procedure name="WebFormFields" visibility="public" procflags="abstract overload virtual" file="WebControl.pas" line="201">
        <parameters>
          <parameter name="FormIdx" type="Integer" paramflags="const" />
        </parameters>
      </procedure>
      <procedure name="WebFormSetFieldValue" visibility="public" procflags="abstract overload virtual" file="WebControl.pas" line="214">
        <parameters>
          <parameter name="FormIdx" type="Integer" paramflags="const" />
          <parameter name="FieldName" type="string" paramflags="const" />
          <parameter name="NewValue" type="string" paramflags="const" />
        </parameters>
      </procedure>
      <procedure name="WebFormSetFieldValue" visibility="public" procflags="overload" file="WebControl.pas" line="227">
        <parameters>
          <parameter name="FormName" type="string" paramflags="const" />
          <parameter name="FieldName" type="string" paramflags="const" />
          <parameter name="NewValue" type="string" paramflags="const" />
        </parameters>
      </procedure>
      <procedure name="WebFormSubmit" visibility="public" procflags="abstract overload virtual" file="WebControl.pas" line="236">
        <parameters>
          <parameter name="FormIdx" type="Integer" paramflags="const" />
        </parameters>
      </procedure>
      <procedure name="WebFormSubmit" visibility="public" procflags="overload" file="WebControl.pas" line="245">
        <parameters>
          <parameter name="FormName" type="string" paramflags="const" />
        </parameters>
      </procedure>
      <function name="GetStringField" visibility="public" file="WebControl.pas" line="262">
        <parameters>
          <parameter name="FormName" type="string" paramflags="const" />
          <parameter name="FieldName" type="string" paramflags="const" />
          <parameter name="DefaultValue" type="string">
            <value>
              
            </value>
          </parameter>
          <retval type="string" />
        </parameters>
      </function>
      <function name="GetIntegerField" visibility="public" file="WebControl.pas" line="279">
        <parameters>
          <parameter name="FormName" type="string" paramflags="const" />
          <parameter name="FieldName" type="string" paramflags="const" />
          <parameter name="DefaultValue" type="Integer">
            <value>
              $0
            </value>
          </parameter>
          <retval type="Integer" />
        </parameters>
      </function>
      <function name="GetFloatField" visibility="public" file="WebControl.pas" line="296">
        <parameters>
          <parameter name="FormName" type="string" paramflags="const" />
          <parameter name="FieldName" type="string" paramflags="const" />
          <parameter name="DefaultValue" type="Real">
            <value>
              0
            </value>
          </parameter>
          <retval type="Real" />
        </parameters>
      </function>
      <function name="GetBoolField" visibility="public" file="WebControl.pas" line="313">
        <parameters>
          <parameter name="FormName" type="string" paramflags="const" />
          <parameter name="FieldName" type="string" paramflags="const" />
          <parameter name="DefaultValue" type="Boolean">
            <value>
              False
            </value>
          </parameter>
          <retval type="Boolean" />
        </parameters>
      </function>
      <function name="WebHTMLCode" visibility="public" procflags="abstract virtual" file="WebControl.pas" line="322">
        <parameters>
          <retval type="string" />
        </parameters>
      </function>
      <procedure name="WebPrintWithoutDialog" visibility="public" procflags="abstract virtual" file="WebControl.pas" line="329">
      </procedure>
      <procedure name="WebPrintWithDialog" visibility="public" procflags="abstract virtual" file="WebControl.pas" line="336">
      </procedure>
      <procedure name="WebPrintPageSetup" visibility="public" procflags="abstract virtual" file="WebControl.pas" line="343">
      </procedure>
      <procedure name="WebPreview" visibility="public" procflags="abstract virtual" file="WebControl.pas" line="350">
      </procedure>
      <procedure name="SaveToJPGFile" visibility="public" procflags="abstract virtual" file="WebControl.pas" line="359">
        <parameters>
          <parameter name="FileName" type="TFileName">
            <value>
              
            </value>
          </parameter>
        </parameters>
      </procedure>
      <property name="Forms" visibility="public" read="FForms" type="TStringList" file="WebControl.pas" line="369" />
      <property name="Fields" visibility="public" read="FFields" type="TStringList" file="WebControl.pas" line="378" />
      <property name="Links" visibility="public" read="FLinks" type="TStringList" file="WebControl.pas" line="387" />
    </members>
  </class>
</namespace>
